Datetime_Extraction,KH_Vote_Count,DT_Vote_Count,Nationwide_Total_Votes,Additional_Votes_Since_Last_Update
2024-11-05 17:06:07.133829,9250.0,2443.0,11693.0,11687.0
2024-11-05 17:07:29.308887,27401.0,14848.0,42249.0,30556.0
2024-11-05 17:09:33.000574,33947.0,17294.0,51241.0,8992.0
2024-11-05 17:11:01.675861,38143.0,18640.0,56783.0,5542.0
2024-11-05 17:11:17.563644,47688.0,22810.0,70498.0,13715.0
2024-11-05 17:17:07.704557,23188.0,50400.0,73588.0,3090.0
2024-11-05 17:20:01.722251,31206.0,72114.0,103320.0,29732.0
2024-11-05 17:21:56.852825,34685.0,82118.0,116803.0,13483.0
2024-11-05 17:22:17.556879,70117.0,121117.0,191234.0,74431.0
2024-11-05 17:32:20.156486,73249.0,129615.0,202864.0,11630.0
2024-11-05 17:34:06.864052,73309.0,129785.0,203094.0,230.0
2024-11-05 17:36:13.523508,74432.0,132416.0,206848.0,3754.0
2024-11-05 17:36:33.174767,136899.0,195388.0,332287.0,125439.0
2024-11-05 17:37:48.830023,137213.0,196537.0,333750.0,1463.0
2024-11-05 17:38:36.264,139260.0,201118.0,340378.0,6628.0
2024-11-05 17:40:06.723338,140604.0,206843.0,347447.0,7069.0
2024-11-05 17:40:25.799675,143297.0,214230.0,357527.0,10080.0
2024-11-05 17:41:38.926625,145024.0,217760.0,362784.0,5257.0
2024-11-05 17:44:41.927197,154231.0,231483.0,385714.0,22930.0
2024-11-05 17:45:57.083126,157547.0,247123.0,404670.0,18956.0
2024-11-05 17:46:49.324561,157601.0,247243.0,404844.0,174.0
2024-11-05 17:47:14.111033,158782.0,250444.0,409226.0,4382.0
2024-11-05 17:48:33.758049,160681.0,254850.0,415531.0,6305.0
2024-11-05 17:49:09.906757,162615.0,261210.0,423825.0,8294.0
2024-11-05 17:50:20.385017,163523.0,262225.0,425748.0,1923.0
2024-11-05 17:52:02.176878,163937.0,263424.0,427361.0,1613.0
2024-11-05 17:52:49.676343,164739.0,263459.0,428198.0,837.0
2024-11-05 17:55:28.808554,167525.0,270227.0,437752.0,9554.0
2024-11-05 17:56:04.422871,172246.0,286544.0,458790.0,21038.0
2024-11-05 17:57:16.609016,173163.0,293415.0,466578.0,7788.0
2024-11-05 17:58:04.683263,179444.0,314044.0,493488.0,26910.0
2024-11-05 17:58:49.575334,184828.0,328633.0,513461.0,19973.0
2024-11-05 18:01:28.369535,371231.0,591711.0,962942.0,449481.0
2024-11-05 18:01:46.663563,599925.0,872417.0,1472342.0,509400.0
2024-11-05 18:02:13.606849,600364.0,875906.0,1476270.0,3928.0
2024-11-05 18:03:08.229871,709994.0,1050458.0,1760452.0,284182.0
2024-11-05 18:03:28.881366,1243187.0,1506384.0,2749571.0,989119.0
2024-11-05 18:03:51.504605,1243238.0,1506764.0,2750002.0,431.0
2024-11-05 18:16:11.765414,2623387.0,3109904.0,5733291.0,3548629.0
2024-11-05 18:16:44.335846,2688482.0,3228376.0,5916858.0,183567.0
2024-11-05 18:18:31.209285,3100487.0,3768898.0,6869385.0,952527.0
2024-11-05 18:18:54.612625,3103812.0,3779315.0,6883127.0,13742.0
2024-11-05 18:19:17.427313,3103943.0,3779525.0,6883468.0,341.0
2024-11-05 18:19:41.000171,3108625.0,3792258.0,6900883.0,17415.0
2024-11-05 18:20:20.537041,3123357.0,3824155.0,6947512.0,46629.0
2024-11-05 18:20:44.034156,3129263.0,3835730.0,6964993.0,17481.0
2024-11-05 18:21:09.005855,3427172.0,4111168.0,7538340.0,573347.0
2024-11-05 18:21:51.519752,3429615.0,4114689.0,7544304.0,5964.0
2024-11-05 18:22:20.692882,3451031.0,4136702.0,7587733.0,43429.0
2024-11-05 18:22:44.795703,3458828.0,4146511.0,7605339.0,17606.0
2024-11-05 18:23:07.473245,3465862.0,4157319.0,7623181.0,17842.0
2024-11-05 18:23:29.696265,3477961.0,4174807.0,7652768.0,29587.0
2024-11-05 18:23:52.003293,3479438.0,4175396.0,7654834.0,2066.0
2024-11-05 18:24:20.448843,3615250.0,4410429.0,8025679.0,370845.0
2024-11-05 18:24:50.662310,3656311.0,4443204.0,8099515.0,73836.0
2024-11-05 18:25:17.790799,3735120.0,4508214.0,8243334.0,143819.0
2024-11-05 18:25:39.740423,3736223.0,4509986.0,8246209.0,2875.0
2024-11-05 18:26:00.983117,3743448.0,4520534.0,8263982.0,17773.0
2024-11-05 18:26:18.269880,3753058.0,4544799.0,8297857.0,33875.0
2024-11-05 18:26:45.319498,3754875.0,4550512.0,8305387.0,7530.0
2024-11-05 18:27:06.276589,3756707.0,4551895.0,8308602.0,3215.0
2024-11-05 18:27:29.943742,3810790.0,4651682.0,8462472.0,153870.0
2024-11-05 18:27:58.453588,3815142.0,4653227.0,8468369.0,5897.0
2024-11-05 18:28:21.080473,3826189.0,4680526.0,8506715.0,38346.0
2024-11-05 18:28:42.327541,3855730.0,4689413.0,8545143.0,38428.0
2024-11-05 18:28:58.350756,3856052.0,4690343.0,8546395.0,1252.0
2024-11-05 18:29:17.107971,3856479.0,4691042.0,8547521.0,1126.0
2024-11-05 18:29:38.979997,3859594.0,4704036.0,8563630.0,16109.0
2024-11-05 18:29:55.369712,3867029.0,4717962.0,8584991.0,21361.0
2024-11-05 18:30:18.927046,3889214.0,4754363.0,8643577.0,58586.0
2024-11-05 18:30:36.249563,3894729.0,4760219.0,8654948.0,11371.0
2024-11-05 18:31:01.813630,3968850.0,4817405.0,8786255.0,131307.0
2024-11-05 18:31:24.742544,4152375.0,5102734.0,9255109.0,468854.0
2024-11-05 18:31:52.246420,4180379.0,5141696.0,9322075.0,66966.0
2024-11-05 18:32:32.777147,4291208.0,5260516.0,9551724.0,229649.0
2024-11-05 18:32:48.334765,4295896.0,5265999.0,9561895.0,10171.0
2024-11-05 18:33:04.311606,4299217.0,5278008.0,9577225.0,15330.0
2024-11-05 18:33:31.934229,4353716.0,5388061.0,9741777.0,164552.0
2024-11-05 18:33:57.226658,4361578.0,5412003.0,9773581.0,31804.0
2024-11-05 18:34:18.531055,4363878.0,5414602.0,9778480.0,4899.0
2024-11-05 18:34:37.800140,4379234.0,5442889.0,9822123.0,43643.0
2024-11-05 18:34:59.759197,4388411.0,5466508.0,9854919.0,32796.0
2024-11-05 18:35:15.293944,4395792.0,5473154.0,9868946.0,14027.0
2024-11-05 18:35:34.063314,4424902.0,5526847.0,9951749.0,82803.0
2024-11-05 18:36:22.215990,4679408.0,5658002.0,10337410.0,385661.0
2024-11-05 18:36:41.836370,4680167.0,5661820.0,10341987.0,4577.0
2024-11-05 18:37:09.559562,4681984.0,5663569.0,10345553.0,3566.0
2024-11-05 18:37:34.695112,4769433.0,5775926.0,10545359.0,199806.0
2024-11-05 18:38:02.198369,4774758.0,5784886.0,10559644.0,14285.0
2024-11-05 18:38:21.931110,4811396.0,5830537.0,10641933.0,82289.0
2024-11-05 18:38:45.875026,4836398.0,5868953.0,10705351.0,63418.0
2024-11-05 18:39:05.323670,4843304.0,5879422.0,10722726.0,17375.0
2024-11-05 18:39:28.667185,4848353.0,5890048.0,10738401.0,15675.0
2024-11-05 18:39:52.344029,4873852.0,5937459.0,10811311.0,72910.0
2024-11-05 18:40:18.871085,4877347.0,5944045.0,10821392.0,10081.0
2024-11-05 18:40:44.710071,4877956.0,5944431.0,10822387.0,995.0
2024-11-05 18:41:06.469529,4936698.0,6043643.0,10980341.0,157954.0
2024-11-05 18:41:29.260993,4961656.0,6081080.0,11042736.0,62395.0
2024-11-05 18:41:45.536924,4963111.0,6083003.0,11046114.0,3378.0
2024-11-05 18:42:11.786040,4964083.0,6084224.0,11048307.0,2193.0
2024-11-05 18:42:39.907675,5089708.0,6290554.0,11380262.0,331955.0
2024-11-05 18:43:03.275115,5093404.0,6299390.0,11392794.0,12532.0
2024-11-05 18:43:20.235742,5108705.0,6337415.0,11446120.0,53326.0
2024-11-05 18:43:37.144560,5184172.0,6386493.0,11570665.0,124545.0
2024-11-05 18:44:04.658539,5204783.0,6434852.0,11639635.0,68970.0
2024-11-05 18:44:28.072468,5206733.0,6439558.0,11646291.0,6656.0
2024-11-05 18:44:47.167006,5210242.0,6443319.0,11653561.0,7270.0
2024-11-05 18:45:11.779802,5227452.0,6461898.0,11689350.0,35789.0
2024-11-05 18:45:37.503088,5235894.0,6484124.0,11720018.0,30668.0
2024-11-05 18:46:02.613505,5265410.0,6533617.0,11799027.0,79009.0
2024-11-05 18:46:23.213281,5273676.0,6562890.0,11836566.0,37539.0
2024-11-05 18:46:47.532399,5278739.0,6574136.0,11852875.0,16309.0
2024-11-05 18:47:09.049355,5297691.0,6600944.0,11898635.0,45760.0
2024-11-05 18:47:25.637257,5334300.0,6643985.0,11978285.0,79650.0
2024-11-05 18:47:42.420766,5346841.0,6669482.0,12016323.0,38038.0
2024-11-05 18:48:07.931250,5352222.0,6671763.0,12023985.0,7662.0
2024-11-05 18:48:33.049532,5382053.0,6712990.0,12095043.0,71058.0
2024-11-05 18:49:07.652062,5388348.0,6730604.0,12118952.0,23909.0
2024-11-05 18:49:34.596562,5454971.0,6858959.0,12313930.0,194978.0
2024-11-05 18:50:01.578340,5532287.0,6961227.0,12493514.0,179584.0
2024-11-05 18:50:23.011708,5539010.0,6969066.0,12508076.0,14562.0
2024-11-05 18:50:45.443912,5576153.0,7040859.0,12617012.0,108936.0
2024-11-05 18:51:02.305009,5650622.0,7172211.0,12822833.0,205821.0
2024-11-05 18:51:30.161852,5653715.0,7182884.0,12836599.0,13766.0
2024-11-05 18:51:52.615343,5735028.0,7214462.0,12949490.0,112891.0
2024-11-05 18:52:15.175789,5860412.0,7346595.0,13207007.0,257517.0
2024-11-05 18:52:32.329599,5880220.0,7383092.0,13263312.0,56305.0
2024-11-05 18:52:59.973164,5880824.0,7385281.0,13266105.0,2793.0
2024-11-05 18:53:57.719795,5898957.0,7414524.0,13313481.0,47376.0
2024-11-05 18:54:28.990448,5984587.0,7536439.0,13521026.0,207545.0
2024-11-05 18:55:09.652383,5989833.0,7543739.0,13533572.0,12546.0
2024-11-05 18:55:45.739349,6010122.0,7570631.0,13580753.0,47181.0
2024-11-05 18:56:09.610010,6041344.0,7635663.0,13677007.0,96254.0
2024-11-05 18:56:39.863198,6163610.0,7816584.0,13980194.0,303187.0
2024-11-05 18:57:08.243170,6168531.0,7831548.0,14000079.0,19885.0
2024-11-05 18:57:24.949392,6191829.0,7868696.0,14060525.0,60446.0
2024-11-05 18:57:56.145883,6375315.0,7964927.0,14340242.0,279717.0
2024-11-05 18:58:16.530495,6614074.0,8193040.0,14807114.0,466872.0
2024-11-05 18:58:36.098354,6625304.0,8213144.0,14838448.0,31334.0
2024-11-05 18:59:21.444174,6943477.0,8432502.0,15375979.0,537531.0
2024-11-05 18:59:47.600850,6943573.0,8433330.0,15376903.0,924.0
2024-11-05 19:00:18.135014,6993500.0,8461803.0,15455303.0,78400.0
2024-11-05 19:00:36.635882,7029557.0,8531958.0,15561515.0,106212.0
2024-11-05 19:00:52.907216,7040407.0,8542984.0,15583391.0,21876.0
2024-11-05 19:01:19.989142,7581296.0,9046242.0,16627538.0,1044147.0
2024-11-05 19:01:37.600216,7721274.0,9116603.0,16837877.0,210339.0
2024-11-05 19:01:53.417823,7723320.0,9121144.0,16844464.0,6587.0
2024-11-05 19:02:12.192408,7961567.0,9266385.0,17227952.0,383488.0
2024-11-05 19:02:36.581395,7987493.0,9340640.0,17328133.0,100181.0
2024-11-05 19:02:57.641714,8081547.0,9448852.0,17530399.0,202266.0
2024-11-05 19:03:26.312304,8147927.0,9561624.0,17709551.0,179152.0
2024-11-05 19:03:55.166297,8149194.0,9564287.0,17713481.0,3930.0
2024-11-05 19:04:22.608155,8291699.0,9791013.0,18082712.0,369231.0
2024-11-05 19:04:43.416924,8292964.0,9791651.0,18084615.0,1903.0
2024-11-05 19:05:00.201118,8312342.0,9806527.0,18118869.0,34254.0
2024-11-05 19:05:26.047814,8454662.0,9960481.0,18415143.0,296274.0
2024-11-05 19:05:53.296202,8517466.0,10015638.0,18533104.0,117961.0
2024-11-05 19:06:21.677297,8568290.0,10136332.0,18704622.0,171518.0
2024-11-05 19:06:41.423672,8576300.0,10154465.0,18730765.0,26143.0
2024-11-05 19:07:05.656605,8674917.0,10309477.0,18984394.0,253629.0
2024-11-05 19:07:26.826890,8796376.0,10423152.0,19219528.0,235134.0
2024-11-05 19:07:49.004791,8884791.0,10453091.0,19337882.0,118354.0
2024-11-05 19:08:10.156422,8913812.0,10500416.0,19414228.0,76346.0
2024-11-05 19:08:35.603914,9275759.0,10974544.0,20250303.0,836075.0
2024-11-05 19:09:03.196793,9277050.0,10981507.0,20258557.0,8254.0
2024-11-05 19:09:31.323879,9441087.0,11076742.0,20517829.0,259272.0
2024-11-05 19:09:55.968702,9590765.0,11268508.0,20859273.0,341444.0
2024-11-05 19:10:28.155640,9637867.0,11362111.0,20999978.0,140705.0
2024-11-05 19:10:43.832591,9684528.0,11405963.0,21090491.0,90513.0
2024-11-05 19:11:13.600367,9713486.0,11449713.0,21163199.0,72708.0
2024-11-05 19:11:34.630463,9737487.0,11499102.0,21236589.0,73390.0
2024-11-05 19:11:51.224161,9742751.0,11506285.0,21249036.0,12447.0
2024-11-05 19:12:16.984528,9743533.0,11510262.0,21253795.0,4759.0
2024-11-05 19:12:38.584680,9769407.0,11566054.0,21335461.0,81666.0
2024-11-05 19:12:58.199749,9775375.0,11583026.0,21358401.0,22940.0
2024-11-05 19:13:25.598267,9871950.0,11682920.0,21554870.0,196469.0
2024-11-05 19:13:49.368413,9898277.0,11744338.0,21642615.0,87745.0
2024-11-05 19:14:11.989626,9933249.0,11784493.0,21717742.0,75127.0
2024-11-05 19:14:32.534305,9995980.0,11861161.0,21857141.0,139399.0
2024-11-05 19:14:49.420996,10015824.0,11911650.0,21927474.0,70333.0
2024-11-05 19:15:13.991598,10057458.0,11997425.0,22054883.0,127409.0
2024-11-05 19:15:31.087408,10274127.0,12295053.0,22569180.0,514297.0
2024-11-05 19:15:55.050435,10428637.0,12436382.0,22865019.0,295839.0
2024-11-05 19:16:14.060814,10854112.0,12961189.0,23815301.0,950282.0
2024-11-05 19:16:41.059718,10907522.0,13012884.0,23920406.0,105105.0
2024-11-05 19:17:08.557916,10991013.0,13130729.0,24121742.0,201336.0
2024-11-05 19:17:32.303209,11069988.0,13297644.0,24367632.0,245890.0
2024-11-05 19:17:54.830138,11129452.0,13378686.0,24508138.0,140506.0
2024-11-05 19:18:10.345640,11142830.0,13416403.0,24559233.0,51095.0
2024-11-05 19:18:27.538435,11223530.0,13462310.0,24685840.0,126607.0
2024-11-05 19:18:51.328246,11234308.0,13480804.0,24715112.0,29272.0
2024-11-05 19:19:17.159599,11373610.0,13682317.0,25055927.0,340815.0
2024-11-05 19:19:36.667348,11380920.0,13693080.0,25074000.0,18073.0
2024-11-05 19:20:05.290483,11384520.0,13706277.0,25090797.0,16797.0
2024-11-05 19:20:31.877430,11564612.0,13908721.0,25473333.0,382536.0
2024-11-05 19:20:48.623960,11581555.0,13941627.0,25523182.0,49849.0
2024-11-05 19:21:09.744061,11640617.0,14022003.0,25662620.0,139438.0
2024-11-05 19:21:33.417854,11760968.0,14250058.0,26011026.0,348406.0
2024-11-05 19:21:57.138186,11768229.0,14259933.0,26028162.0,17136.0
2024-11-05 19:22:17.628465,11827236.0,14341275.0,26168511.0,140349.0
2024-11-05 19:22:32.845450,11869182.0,14405178.0,26274360.0,105849.0
2024-11-05 19:23:00.958075,11976714.0,14547587.0,26524301.0,249941.0
2024-11-05 19:23:29.564684,12392820.0,14936823.0,27329643.0,805342.0
2024-11-05 19:23:47.135995,12409418.0,14991539.0,27400957.0,71314.0
2024-11-05 19:24:06.316575,12417228.0,15009903.0,27427131.0,26174.0
2024-11-05 19:24:25.904066,12825582.0,15268270.0,28093852.0,666721.0
2024-11-05 19:24:45.260118,12827115.0,15270145.0,28097260.0,3408.0
2024-11-05 19:25:05.529327,12844134.0,15297566.0,28141700.0,44440.0
2024-11-05 19:25:23.647193,12923052.0,15429414.0,28352466.0,210766.0
2024-11-05 19:25:40.050757,12956170.0,15486736.0,28442906.0,90440.0
2024-11-05 19:26:04.946099,13163300.0,15631625.0,28794925.0,352019.0
2024-11-05 19:26:20.175068,13222278.0,15689195.0,28911473.0,116548.0
2024-11-05 19:26:43.175578,13231535.0,15707813.0,28939348.0,27875.0
2024-11-05 19:27:04.851799,13250074.0,15730277.0,28980351.0,41003.0
2024-11-05 19:27:20.005217,13318777.0,15820677.0,29139454.0,159103.0
2024-11-05 19:27:46.851383,13325648.0,15827625.0,29153273.0,13819.0
2024-11-05 19:28:11.426352,13336090.0,15851664.0,29187754.0,34481.0
2024-11-05 19:28:31.170040,13381070.0,15912640.0,29293710.0,105956.0
2024-11-05 19:28:51.505850,13392430.0,15926709.0,29319139.0,25429.0
2024-11-05 19:29:13.964226,13494302.0,16027371.0,29521673.0,202534.0
2024-11-05 19:29:31.070801,13604406.0,16198147.0,29802553.0,280880.0
2024-11-05 19:29:50.602408,13618804.0,16223155.0,29841959.0,39406.0
2024-11-05 19:30:06.058437,13710823.0,16293008.0,30003831.0,161872.0
2024-11-05 19:30:25.503431,14404256.0,16974679.0,31378935.0,1375104.0
2024-11-05 19:30:49.618067,14415637.0,16993500.0,31409137.0,30202.0
2024-11-05 19:31:08.975776,14493012.0,17095166.0,31588178.0,179041.0
2024-11-05 19:31:33.571017,14690236.0,17268297.0,31958533.0,370355.0
2024-11-05 19:32:00.976135,14732160.0,17307197.0,32039357.0,80824.0
2024-11-05 19:32:22.754183,14761537.0,17338093.0,32099630.0,60273.0
2024-11-05 19:32:45.711859,14822490.0,17389520.0,32212010.0,112380.0
2024-11-05 19:33:14.659481,14856633.0,17434334.0,32290967.0,78957.0
2024-11-05 19:33:35.690397,14921139.0,17592568.0,32513707.0,222740.0
2024-11-05 19:33:59.972294,15064254.0,17784987.0,32849241.0,335534.0
2024-11-05 19:34:36.313606,15098201.0,17807840.0,32906041.0,56800.0
2024-11-05 19:35:04.264851,15138461.0,17871550.0,33010011.0,103970.0
2024-11-05 19:35:31.543892,15233009.0,17948306.0,33181315.0,171304.0
2024-11-05 19:35:49.834897,15235546.0,17956491.0,33192037.0,10722.0
2024-11-05 19:36:14.154351,15290626.0,18002736.0,33293362.0,101325.0
2024-11-05 19:36:30.718097,15375930.0,18096826.0,33472756.0,179394.0
2024-11-05 19:36:56.186535,15382915.0,18103610.0,33486525.0,13769.0
2024-11-05 19:37:18.379187,15428514.0,18159928.0,33588442.0,101917.0
2024-11-05 19:37:41.020128,15505673.0,18295099.0,33800772.0,212330.0
2024-11-05 19:38:05.214553,15629574.0,18383937.0,34013511.0,212739.0
2024-11-05 19:38:46.041744,15672342.0,18481290.0,34153632.0,140121.0
2024-11-05 19:39:11.051087,15681223.0,18496389.0,34177612.0,23980.0
2024-11-05 19:39:34.959745,15953541.0,18937719.0,34891260.0,713648.0
2024-11-05 19:39:57.237719,15980396.0,18957653.0,34938049.0,46789.0
2024-11-05 19:40:13.807439,16028741.0,18994749.0,35023490.0,85441.0
2024-11-05 19:40:41.255152,16047466.0,19043936.0,35091402.0,67912.0
2024-11-05 19:41:06.076519,16152680.0,19224689.0,35377369.0,285967.0
2024-11-05 19:41:44.743755,16169547.0,19263576.0,35433123.0,55754.0
2024-11-05 19:42:05.247155,16171735.0,19264777.0,35436512.0,3389.0
2024-11-05 19:42:33.699672,16331927.0,19429166.0,35761093.0,324581.0
2024-11-05 19:42:55.461149,16338227.0,19446934.0,35785161.0,24068.0
2024-11-05 19:43:22.215652,16346936.0,19458128.0,35805064.0,19903.0
2024-11-05 19:43:50.859947,16412106.0,19637977.0,36050083.0,245019.0
2024-11-05 19:44:21.344645,16534018.0,19757369.0,36291387.0,241304.0
2024-11-05 19:44:48.639657,16547078.0,19770358.0,36317436.0,26049.0
2024-11-05 19:45:21.089591,16567613.0,19823413.0,36391026.0,73590.0
2024-11-05 19:45:48.329850,16740229.0,19974532.0,36714761.0,323735.0
2024-11-05 19:46:16.093187,16915809.0,20164359.0,37080168.0,365407.0
2024-11-05 19:46:40.321314,16919431.0,20170820.0,37090251.0,10083.0
2024-11-05 19:47:06.683521,17009834.0,20309785.0,37319619.0,229368.0
2024-11-05 19:47:43.412379,17026230.0,20332028.0,37358258.0,38639.0
2024-11-05 19:48:12.085425,17050874.0,20369373.0,37420247.0,61989.0
2024-11-05 19:48:40.015814,17331889.0,20489104.0,37820993.0,400746.0
2024-11-05 19:49:04.254717,17340872.0,20501642.0,37842514.0,21521.0
2024-11-05 19:49:31.914511,17378203.0,20563252.0,37941455.0,98941.0
2024-11-05 19:50:02.723359,17379232.0,20567302.0,37946534.0,5079.0
2024-11-05 19:50:26.318877,17583458.0,20725851.0,38309309.0,362775.0
2024-11-05 19:50:54.034137,17667980.0,20782929.0,38450909.0,141600.0
2024-11-05 19:51:24.686330,17710750.0,20858314.0,38569064.0,118155.0
2024-11-05 19:51:50.073994,17736446.0,20909693.0,38646139.0,77075.0
2024-11-05 19:52:17.531532,17772117.0,20981320.0,38753437.0,107298.0
2024-11-05 19:52:49.868726,17802463.0,21039103.0,38841566.0,88129.0
2024-11-05 19:53:14.818840,17830704.0,21079292.0,38909996.0,68430.0
2024-11-05 19:53:41.978154,17879805.0,21212762.0,39092567.0,182571.0
2024-11-05 19:54:02.927618,17886139.0,21224336.0,39110475.0,17908.0
2024-11-05 19:54:24.412889,17929134.0,21296345.0,39225479.0,115004.0
2024-11-05 19:54:46.642112,17963435.0,21306030.0,39269465.0,43986.0
2024-11-05 19:55:17.226019,18032730.0,21407570.0,39440300.0,170835.0
2024-11-05 19:55:45.764229,18137717.0,21553648.0,39691365.0,251065.0
2024-11-05 19:56:07.335872,18169638.0,21613790.0,39783428.0,92063.0
2024-11-05 19:56:28.647201,18255586.0,21732531.0,39988117.0,204689.0
2024-11-05 19:57:00.771895,18276743.0,21772808.0,40049551.0,61434.0
2024-11-05 19:57:32.473916,18523262.0,21972444.0,40495706.0,446155.0
2024-11-05 19:57:55.718627,18542111.0,22005591.0,40547702.0,51996.0
2024-11-05 19:58:25.572845,18609621.0,22094709.0,40704330.0,156628.0
2024-11-05 19:58:57.741101,18634212.0,22142433.0,40776645.0,72315.0
2024-11-05 19:59:23.390924,19187802.0,22584387.0,41772189.0,995544.0
2024-11-05 19:59:48.333117,19215664.0,22623981.0,41839645.0,67456.0
2024-11-05 20:00:13.458416,19247473.0,22677893.0,41925366.0,85721.0
2024-11-05 20:00:31.377312,19278176.0,22729555.0,42007731.0,82365.0
2024-11-05 20:00:48.151409,19306973.0,22782462.0,42089435.0,81704.0
2024-11-05 20:01:18.457816,19350067.0,22853362.0,42203429.0,113994.0
2024-11-05 20:01:33.714227,19403702.0,22946856.0,42350558.0,147129.0
2024-11-05 20:01:51.865766,19417681.0,22976832.0,42394513.0,43955.0
2024-11-05 20:02:12.256627,20522350.0,23493159.0,44015509.0,1620996.0
2024-11-05 20:02:36.671308,20531931.0,23513218.0,44045149.0,29640.0
2024-11-05 20:02:55.093331,20639202.0,23658018.0,44297220.0,252071.0
2024-11-05 20:03:15.738383,20879255.0,23853879.0,44733134.0,435914.0
2024-11-05 20:03:36.528500,20883265.0,23875398.0,44758663.0,25529.0
2024-11-05 20:03:59.916646,20889372.0,23885841.0,44775213.0,16550.0
2024-11-05 20:04:15.951993,21015635.0,24074173.0,45089808.0,314595.0
2024-11-05 20:04:38.431344,21022954.0,24081931.0,45104885.0,15077.0
2024-11-05 20:04:54.560828,21032150.0,24096298.0,45128448.0,23563.0
2024-11-05 20:05:15.579715,21045625.0,24110654.0,45156279.0,27831.0
2024-11-05 20:05:54.934815,21291922.0,24283780.0,45575702.0,419423.0
2024-11-05 20:06:13.491149,21459278.0,24410806.0,45870084.0,294382.0
2024-11-05 20:06:40.177901,21465010.0,24417398.0,45882408.0,12324.0
2024-11-05 20:07:04.495033,21519656.0,24499778.0,46019434.0,137026.0
2024-11-05 20:07:23.230544,21574056.0,24623992.0,46198048.0,178614.0
2024-11-05 20:07:46.962937,21593884.0,24642362.0,46236246.0,38198.0
2024-11-05 20:08:15.504642,21802549.0,24879794.0,46682343.0,446097.0
2024-11-05 20:08:37.893169,21802793.0,24880477.0,46683270.0,927.0
2024-11-05 20:09:08.012170,21806437.0,24888158.0,46694595.0,11325.0
2024-11-05 20:09:29.078908,22040442.0,25126021.0,47166463.0,471868.0
2024-11-05 20:09:49.435036,22060901.0,25159891.0,47220792.0,54329.0
2024-11-05 20:10:17.549929,22202739.0,25291752.0,47494491.0,273699.0
2024-11-05 20:10:37.823033,22205550.0,25302569.0,47508119.0,13628.0
2024-11-05 20:11:14.295967,22269059.0,25385865.0,47654924.0,146805.0
2024-11-05 20:11:38.999415,22339414.0,25500054.0,47839468.0,184544.0
2024-11-05 20:11:59.399707,22353259.0,25518410.0,47871669.0,32201.0
2024-11-05 20:12:22.410061,22409829.0,25602357.0,48012186.0,140517.0
2024-11-05 20:12:50.820859,22437838.0,25623998.0,48061836.0,49650.0
2024-11-05 20:13:09.233352,22454119.0,25657624.0,48111743.0,49907.0
2024-11-05 20:13:35.039448,22647568.0,25797814.0,48445382.0,333639.0
2024-11-05 20:14:03.789644,22802866.0,25910215.0,48713081.0,267699.0
2024-11-05 20:14:29.274119,22870208.0,25994018.0,48864226.0,151145.0
2024-11-05 20:14:53.070434,22893797.0,26034087.0,48927884.0,63658.0
2024-11-05 20:15:14.741937,22909006.0,26050270.0,48959276.0,31392.0
2024-11-05 20:15:41.581796,23071874.0,26296038.0,49367912.0,408636.0
2024-11-05 20:16:11.430597,23102823.0,26341790.0,49444613.0,76701.0
2024-11-05 20:19:11.059684,24305048.0,27475543.0,51780591.0,2335978.0
2024-11-05 20:19:34.651066,24386665.0,27649441.0,52036106.0,255515.0
2024-11-05 20:19:59.838346,24401489.0,27667126.0,52068615.0,32509.0
2024-11-05 20:20:22.523464,24452978.0,27731067.0,52184045.0,115430.0
2024-11-05 20:20:50.078340,24497094.0,27804540.0,52301634.0,117589.0
2024-11-05 20:21:19.747753,24547528.0,27860040.0,52407568.0,105934.0
2024-11-05 20:21:48.801889,24708299.0,28016172.0,52724471.0,316903.0
2024-11-05 20:22:14.729827,25188413.0,28290910.0,53479323.0,754852.0
2024-11-05 20:22:43.675754,25224633.0,28350309.0,53574942.0,95619.0
2024-11-05 20:23:08.752569,25257293.0,28400915.0,53658208.0,83266.0
2024-11-05 20:23:31.644995,25413962.0,28527801.0,53941763.0,283555.0
2024-11-05 20:23:50.285409,25559690.0,28706303.0,54265993.0,324230.0
2024-11-05 20:24:12.910344,25878419.0,28813869.0,54692288.0,426295.0
2024-11-05 20:24:33.216660,26054743.0,29044099.0,55098842.0,406554.0
2024-11-05 20:24:54.791704,26096256.0,29086608.0,55182864.0,84022.0
2024-11-05 20:25:21.265248,26404103.0,29439199.0,55843302.0,660438.0
2024-11-05 20:25:41.855722,26432376.0,29470666.0,55903042.0,59740.0
2024-11-05 20:26:03.531494,26439088.0,29480775.0,55919863.0,16821.0
2024-11-05 20:26:31.449541,26670614.0,29705105.0,56375719.0,455856.0
2024-11-05 20:26:56.421318,26681275.0,29719866.0,56401141.0,25422.0
2024-11-05 20:27:14.191098,26688826.0,29733223.0,56422049.0,20908.0
2024-11-05 20:27:40.156684,26829706.0,29880031.0,56709737.0,287688.0
2024-11-05 20:28:02.438659,26900997.0,30000670.0,56901667.0,191930.0
2024-11-05 20:28:22.692806,26918734.0,30027308.0,56946042.0,44375.0
2024-11-05 20:28:44.578019,26996628.0,30121819.0,57118447.0,172405.0
2024-11-05 20:29:08.384758,27049444.0,30200016.0,57249460.0,131013.0
2024-11-05 20:29:28.808859,27142055.0,30299279.0,57441334.0,191874.0
2024-11-05 20:30:03.396451,27524954.0,30687283.0,58212237.0,770903.0
2024-11-05 20:30:34.857113,27537946.0,30702744.0,58240690.0,28453.0
2024-11-05 20:31:06.507418,27707955.0,30959167.0,58667122.0,426432.0
2024-11-05 20:31:29.869970,27924230.0,31160030.0,59084260.0,417138.0
2024-11-05 20:31:55.501005,27933977.0,31168455.0,59102432.0,18172.0
2024-11-05 20:32:18.288034,28148306.0,31308875.0,59457181.0,354749.0
2024-11-05 20:32:44.746666,28258396.0,31424876.0,59683272.0,226091.0
2024-11-05 20:33:08.643788,28306885.0,31476654.0,59783539.0,100267.0
2024-11-05 20:33:30.863932,28387625.0,31582195.0,59969820.0,186281.0
2024-11-05 20:33:50.117705,28523100.0,31737814.0,60260914.0,291094.0
2024-11-05 20:34:09.521646,28555043.0,31808501.0,60363544.0,102630.0
2024-11-05 20:34:30.156947,28658150.0,31887788.0,60545938.0,182394.0
2024-11-05 20:34:52.798497,28662167.0,31895137.0,60557304.0,11366.0
2024-11-05 20:59:43.218810,33650017.0,38151390.0,71801407.0,11244103.0
2024-11-05 21:00:11.169387,33669385.0,38190667.0,71860052.0,58645.0
2024-11-05 21:00:32.582562,33867271.0,38369037.0,72236308.0,376256.0
2024-11-05 21:00:58.282810,33879026.0,38391688.0,72270714.0,34406.0
2024-11-05 21:01:19.562081,33960000.0,38518860.0,72478860.0,208146.0
2024-11-05 21:01:43.745848,34243315.0,38880953.0,73124268.0,645408.0
2024-11-05 21:02:11.108795,34256964.0,38910630.0,73167594.0,43326.0
2024-11-05 21:02:36.933841,34331520.0,39000623.0,73332143.0,164549.0
2024-11-05 21:02:58.784120,34393787.0,39044247.0,73438034.0,105891.0
2024-11-05 21:03:27.251477,35108776.0,39793315.0,74902091.0,1464057.0
2024-11-05 21:03:48.380669,35150586.0,39840460.0,74991046.0,88955.0
2024-11-05 21:04:14.093181,35155506.0,39849820.0,75005326.0,14280.0
2024-11-05 21:04:42.023415,35271155.0,39975853.0,75247008.0,241682.0
2024-11-05 21:05:07.872167,35382486.0,40030880.0,75413366.0,166358.0
2024-11-05 21:05:27.217459,35507827.0,40159307.0,75667134.0,253768.0
2024-11-05 21:05:49.555812,35564952.0,40228216.0,75793168.0,126034.0
2024-11-05 21:06:11.056963,35571894.0,40241470.0,75813364.0,20196.0
2024-11-05 21:06:34.530663,35664049.0,40358114.0,76022163.0,208799.0
2024-11-05 21:06:59.849565,35759479.0,40447501.0,76206980.0,184817.0
2024-11-05 21:07:28.700174,35846904.0,40555506.0,76402410.0,195430.0
2024-11-05 21:07:46.408992,35893554.0,40621448.0,76515002.0,112592.0
2024-11-05 21:08:06.003151,35994007.0,40712333.0,76706340.0,191338.0
2024-11-05 21:08:25.596034,36173698.0,40943155.0,77116853.0,410513.0
2024-11-05 21:08:42.611845,36191775.0,40977779.0,77169554.0,52701.0
2024-11-05 21:09:12.725190,36277190.0,41143229.0,77420419.0,250865.0
2024-11-05 21:09:34.257640,36292596.0,41162362.0,77454958.0,34539.0
2024-11-05 21:10:03.784721,36310989.0,41196903.0,77507892.0,52934.0
2024-11-05 21:10:26.538995,36347313.0,41263291.0,77610604.0,102712.0
2024-11-05 21:10:46.884939,36472473.0,41422800.0,77895273.0,284669.0
2024-11-05 21:11:07.225884,36487845.0,41437717.0,77925562.0,30289.0
2024-11-05 21:11:30.706673,36498558.0,41453110.0,77951668.0,26106.0
2024-11-05 21:11:51.714687,36590964.0,41569579.0,78160543.0,208875.0
2024-11-05 21:12:12.847627,36615503.0,41616442.0,78231945.0,71402.0
2024-11-05 21:12:38.823807,36758807.0,41798178.0,78556985.0,325040.0
2024-11-05 21:13:00.053799,36794706.0,41831762.0,78626468.0,69483.0
2024-11-05 21:13:24.514897,37118133.0,42106986.0,79225119.0,598651.0
2024-11-05 21:13:41.230129,37185438.0,42225589.0,79411027.0,185908.0
2024-11-05 21:14:00.930329,37190620.0,42236418.0,79427038.0,16011.0
2024-11-05 21:14:23.104368,37220702.0,42288279.0,79508981.0,81943.0
2024-11-05 21:14:42.863751,37230058.0,42297773.0,79527831.0,18850.0
2024-11-05 21:15:08.777319,37233765.0,42304477.0,79538242.0,10411.0
2024-11-05 21:15:29.589049,37267984.0,42322969.0,79590953.0,52711.0
2024-11-05 21:15:48.639148,37452293.0,42457978.0,79910271.0,319318.0
2024-11-05 21:16:15.870597,37606096.0,42629674.0,80235770.0,325499.0
2024-11-05 21:16:36.493828,37694586.0,42735758.0,80430344.0,194574.0
2024-11-05 21:16:58.815055,37731036.0,42764548.0,80495584.0,65240.0
2024-11-05 21:17:24.519679,37859240.0,42933236.0,80792476.0,296892.0
2024-11-05 21:23:01.910582,38993730.0,44233091.0,83226821.0,2434345.0
2024-11-05 21:23:19.745232,39036963.0,44310424.0,83347387.0,120566.0
2024-11-05 21:23:52.075328,39048909.0,44321115.0,83370024.0,22637.0
2024-11-05 21:24:09.716634,39051850.0,44327817.0,83379667.0,9643.0
2024-11-05 21:24:30.891038,39104385.0,44386348.0,83490733.0,111066.0
2024-11-05 21:24:53.339807,39106108.0,44388510.0,83494618.0,3885.0
2024-11-05 21:25:11.293925,39161533.0,44444296.0,83605829.0,111211.0
2024-11-05 21:25:28.401636,39259186.0,44554239.0,83813425.0,207596.0
2024-11-05 21:25:48.452913,39387460.0,44641359.0,84028819.0,215394.0
2024-11-05 21:26:10.895927,39432439.0,44680462.0,84112901.0,84082.0
2024-11-05 21:26:38.853856,39491464.0,44758228.0,84249692.0,136791.0
2024-11-05 21:27:01.719829,39496344.0,44769243.0,84265587.0,15895.0
2024-11-05 21:27:19.867654,39547789.0,44822387.0,84370176.0,104589.0
2024-11-05 21:31:34.395809,40085207.0,45590914.0,85676121.0,1305945.0
2024-11-05 21:34:16.872461,40836837.0,46197273.0,87034110.0,1357989.0
2024-11-05 21:34:39.289891,40890039.0,46240494.0,87130533.0,96423.0
2024-11-05 21:35:03.632521,40915932.0,46254960.0,87170892.0,40359.0
2024-11-05 21:35:29.038173,40959093.0,46315812.0,87274905.0,104013.0
2024-11-05 21:35:46.855016,41022300.0,46418481.0,87440781.0,165876.0
2024-11-05 21:36:16.616115,41062575.0,46492180.0,87554755.0,113974.0
2024-11-05 21:36:40.256663,41148296.0,46616346.0,87764642.0,209887.0
2024-11-05 21:37:08.708718,41159956.0,46643707.0,87803663.0,39021.0
2024-11-05 21:37:33.612565,41190587.0,46709993.0,87900580.0,96917.0
2024-11-05 21:38:02.941443,41232928.0,46766772.0,87999700.0,99120.0
2024-11-05 21:38:27.627035,41270784.0,46831138.0,88101922.0,102222.0
2024-11-05 21:38:49.735333,41291699.0,46870963.0,88162662.0,60740.0
2024-11-05 21:39:06.902225,41301074.0,46891430.0,88192504.0,29842.0
2024-11-05 21:39:30.570254,41414781.0,46977824.0,88392605.0,200101.0
2024-11-05 21:39:55.789799,41452779.0,47012192.0,88464971.0,72366.0
2024-11-05 21:40:11.533309,41565686.0,47150577.0,88716263.0,251292.0
2024-11-05 21:40:31.275843,41620946.0,47226608.0,88847554.0,131291.0
2024-11-05 21:40:51.801113,41653367.0,47263793.0,88917160.0,69606.0
2024-11-05 21:41:19.293653,41672235.0,47288662.0,88960897.0,43737.0
2024-11-05 21:41:37.288234,41787591.0,47412039.0,89199630.0,238733.0
2024-11-05 21:41:57.430256,41811752.0,47438826.0,89250578.0,50948.0
2024-11-05 21:42:15.847708,41819809.0,47455530.0,89275339.0,24761.0
2024-11-05 21:42:41.128352,41914192.0,47544985.0,89459177.0,183838.0
2024-11-05 21:43:01.846594,42042347.0,47720216.0,89762563.0,303386.0
2024-11-05 21:43:18.262165,42075288.0,47759075.0,89834363.0,71800.0
2024-11-05 21:43:34.109074,42168672.0,47870556.0,90039228.0,204865.0
2024-11-05 21:43:51.539469,42233877.0,47940285.0,90174162.0,134934.0
2024-11-05 21:44:11.732314,42272263.0,48002022.0,90274285.0,100123.0
2024-11-05 21:44:29.323506,42302781.0,48046160.0,90348941.0,74656.0
2024-11-05 21:45:25.190192,42311650.0,48058648.0,90370298.0,21357.0
2024-11-05 21:45:47.942144,42410730.0,48145822.0,90556552.0,186254.0
2024-11-05 21:46:16.735550,42528511.0,48265127.0,90793638.0,237086.0
2024-11-05 21:46:40.590113,42603105.0,48305698.0,90908803.0,115165.0
2024-11-05 21:46:56.159465,42636051.0,48349268.0,90985319.0,76516.0
2024-11-05 21:47:16.099907,42667214.0,48417868.0,91085082.0,99763.0
2024-11-05 21:47:38.421173,42670624.0,48430120.0,91100744.0,15662.0
2024-11-05 21:48:02.898043,42743295.0,48497896.0,91241191.0,140447.0
2024-11-05 21:48:26.530238,42777359.0,48555334.0,91332693.0,91502.0
2024-11-05 21:48:46.363879,42777967.0,48556737.0,91334704.0,2011.0
2024-11-05 21:49:13.567151,42890639.0,48685344.0,91575983.0,241279.0
2024-11-05 21:49:38.273849,42912840.0,48709853.0,91622693.0,46710.0
2024-11-05 21:50:02.158381,42919964.0,48718228.0,91638192.0,15499.0
2024-11-05 21:50:26.538328,42990750.0,48844078.0,91834828.0,196636.0
2024-11-05 21:50:51.235622,43001074.0,48847110.0,91848184.0,13356.0
2024-11-05 21:51:15.493191,43093753.0,48916638.0,92010391.0,162207.0
2024-11-05 21:51:39.342723,43175728.0,49022391.0,92198119.0,187728.0
2024-11-05 21:52:04.138333,43259229.0,49156652.0,92415881.0,217762.0
2024-11-05 21:52:25.443590,43313097.0,49236540.0,92549637.0,133756.0
2024-11-05 21:52:41.683983,43331501.0,49265226.0,92596727.0,47090.0
2024-11-05 21:53:14.628578,43392923.0,49316755.0,92709678.0,112951.0
2024-11-05 21:53:32.552518,43487067.0,49404432.0,92891499.0,181821.0
2024-11-05 21:54:00.713780,43501031.0,49423085.0,92924116.0,32617.0
2024-11-05 21:54:24.443597,43551246.0,49482197.0,93033443.0,109327.0
2024-11-05 21:54:50.150632,43561768.0,49501327.0,93063095.0,29652.0
2024-11-05 21:55:18.179871,43591606.0,49550755.0,93142361.0,79266.0
2024-11-05 21:55:48.563851,43620754.0,49599672.0,93220426.0,78065.0
2024-11-05 21:56:12.469512,43680276.0,49661735.0,93342011.0,121585.0
2024-11-05 21:56:30.782573,43729419.0,49693092.0,93422511.0,80500.0
2024-11-05 21:56:58.710028,43747933.0,49727813.0,93475746.0,53235.0
2024-11-05 21:57:14.186895,43830164.0,49768736.0,93598900.0,123154.0
2024-11-05 21:57:40.904116,43839902.0,49782770.0,93622672.0,23772.0
2024-11-05 21:57:58.693327,43882658.0,49876942.0,93759600.0,136928.0
2024-11-05 21:58:22.131342,43928358.0,49948694.0,93877052.0,117452.0
2024-11-05 21:58:48.872132,43938475.0,49964289.0,93902764.0,25712.0
2024-11-05 21:59:19.385907,43948062.0,49984941.0,93933003.0,30239.0
2024-11-05 21:59:38.808424,43976807.0,50037285.0,94014092.0,81089.0
2024-11-05 22:00:04.937763,43985173.0,50047260.0,94032433.0,18341.0
2024-11-05 22:00:31.328198,44064288.0,50149803.0,94214091.0,181658.0
2024-11-05 22:01:14.945025,44149928.0,50261142.0,94411070.0,196979.0
2024-11-05 22:01:36.468061,44195910.0,50307693.0,94503603.0,92533.0
2024-11-05 22:02:06.110293,44240031.0,50351145.0,94591176.0,87573.0
2024-11-05 22:02:27.246943,44271811.0,50391629.0,94663440.0,72264.0
2024-11-05 22:02:56.095789,44315937.0,50451619.0,94767556.0,104116.0
2024-11-05 22:03:24.271211,44332336.0,50472004.0,94804340.0,36784.0
2024-11-05 22:03:45.208838,44997644.0,50948547.0,95946191.0,1141851.0
2024-11-05 22:04:02.576674,45006921.0,50956442.0,95963363.0,17172.0
2024-11-05 22:04:22.169100,45043461.0,51010390.0,96053851.0,90488.0
2024-11-05 22:04:49.726722,45067312.0,51026783.0,96094095.0,40244.0
2024-11-05 22:05:11.844124,45104229.0,51048642.0,96152871.0,58776.0
2024-11-05 22:05:42.401504,45150869.0,51119891.0,96270760.0,117889.0
2024-11-05 22:06:13.946713,45176504.0,51150709.0,96327213.0,56453.0
2024-11-05 22:06:34.140480,45202191.0,51195087.0,96397278.0,70065.0
2024-11-05 22:06:53.945466,45207892.0,51197808.0,96405700.0,8422.0
2024-11-05 22:07:18.356804,45319028.0,51346574.0,96665602.0,259902.0
2024-11-05 22:07:39.200860,45333793.0,51375127.0,96708920.0,43318.0
2024-11-05 22:08:08.959811,45379886.0,51438717.0,96818603.0,109683.0
2024-11-05 22:08:27.533301,45580586.0,51606631.0,97187217.0,368614.0
2024-11-05 22:08:57.555327,45598549.0,51628604.0,97227153.0,39936.0
2024-11-05 22:09:27.428605,45728365.0,51803554.0,97531919.0,304766.0
2024-11-05 22:09:51.505585,45728521.0,51803690.0,97532211.0,292.0
2024-11-05 22:10:10.850838,45777744.0,51872328.0,97650072.0,117861.0
2024-11-05 22:10:34.101747,45787369.0,51876512.0,97663881.0,13809.0
2024-11-05 22:10:51.907521,45805560.0,51897173.0,97702733.0,38852.0
2024-11-05 22:11:12.752131,45878300.0,51969305.0,97847605.0,144872.0
2024-11-05 22:11:36.048701,45923989.0,52020458.0,97944447.0,96842.0
2024-11-05 22:11:57.918626,45938794.0,52045064.0,97983858.0,39411.0
2024-11-05 22:12:23.383955,45961478.0,52079783.0,98041261.0,57403.0
2024-11-05 22:12:52.932808,46037597.0,52143843.0,98181440.0,140179.0
2024-11-05 22:13:13.895264,46107377.0,52215797.0,98323174.0,141734.0
2024-11-05 22:13:38.494100,46521440.0,52671738.0,99193178.0,870004.0
2024-11-05 22:13:56.470877,47108974.0,52851503.0,99960477.0,767299.0
2024-11-05 22:14:21.885160,47134952.0,52887642.0,100022594.0,62117.0
2024-11-05 22:14:47.198954,47135028.0,52887744.0,100022772.0,178.0
2024-11-05 22:15:02.897578,47167840.0,52944017.0,100111857.0,89085.0
2024-11-05 22:15:28.935421,47569037.0,53275564.0,100844601.0,732744.0
2024-11-05 22:15:46.834794,47598491.0,53328417.0,100926908.0,82307.0
2024-11-05 22:16:05.435649,47706614.0,53419074.0,101125688.0,198780.0
2024-11-05 22:16:29.922229,47818365.0,53522814.0,101341179.0,215491.0
2024-11-05 22:16:58.386315,47920241.0,53602725.0,101522966.0,181787.0
2024-11-05 22:17:22.964149,48006256.0,53661196.0,101667452.0,144486.0
2024-11-05 22:17:39.277888,48051041.0,53705212.0,101756253.0,88801.0
2024-11-05 22:18:04.931102,48082023.0,53728478.0,101810501.0,54248.0
2024-11-05 22:18:37.828898,48104138.0,53768811.0,101872949.0,62448.0
2024-11-05 22:18:56.132732,48104578.0,53769298.0,101873876.0,927.0
2024-11-05 22:19:19.607392,48128976.0,53804120.0,101933096.0,59220.0
2024-11-05 22:19:43.623466,48338151.0,53952768.0,102290919.0,357823.0
2024-11-05 22:20:17.335419,48462247.0,54109507.0,102571754.0,280835.0
2024-11-05 22:20:39.678908,48859764.0,54433401.0,103293165.0,721411.0
2024-11-05 22:21:09.122411,48939796.0,54457142.0,103396938.0,103773.0
2024-11-05 22:21:40.594586,50002475.0,55080853.0,105083328.0,1686390.0
2024-11-05 22:22:07.162333,50010571.0,55094944.0,105105515.0,22187.0
2024-11-05 22:22:30.233636,50171741.0,55177016.0,105348757.0,243242.0
2024-11-05 22:22:51.438647,50179905.0,55184599.0,105364504.0,15747.0
2024-11-05 22:23:19.381168,50234202.0,55250297.0,105484499.0,119995.0
2024-11-05 22:23:48.706759,50254904.0,55269617.0,105524521.0,40022.0
2024-11-05 22:24:09.858309,50298925.0,55342493.0,105641418.0,116897.0
2024-11-05 22:24:32.721441,50310188.0,55365792.0,105675980.0,34562.0
2024-11-05 22:25:03.755875,50353989.0,55448078.0,105802067.0,126087.0
2024-11-05 22:25:26.806185,50531106.0,55612111.0,106143217.0,341150.0
2024-11-05 22:25:50.824889,50531107.0,55612111.0,106143218.0,1.0
2024-11-05 22:26:11.297487,50536422.0,55627136.0,106163558.0,20340.0
2024-11-05 22:26:34.339890,50572080.0,55695703.0,106267783.0,104225.0
2024-11-05 22:26:58.077531,50582768.0,55729314.0,106312082.0,44299.0
2024-11-05 22:27:22.423979,50635363.0,55772453.0,106407816.0,95734.0
2024-11-05 22:27:53.842631,50691521.0,55835148.0,106526669.0,118853.0
2024-11-05 22:28:52.623269,50814101.0,55968959.0,106783060.0,256391.0
2024-11-05 22:29:19.021185,50926574.0,56083615.0,107010189.0,227129.0
2024-11-05 22:29:42.973693,50983718.0,56136849.0,107120567.0,110378.0
2024-11-05 22:30:12.682568,51190050.0,56364077.0,107554127.0,433560.0
2024-11-05 22:30:38.460669,51193148.0,56381519.0,107574667.0,20540.0
2024-11-05 22:31:05.604997,51735395.0,56629191.0,108364586.0,789919.0
2024-11-05 22:31:34.399425,52367606.0,57112702.0,109480308.0,1115722.0
2024-11-05 22:32:04.363742,52387667.0,57142559.0,109530226.0,49918.0
2024-11-05 22:32:29.487087,52428174.0,57190721.0,109618895.0,88669.0
2024-11-05 22:32:58.783838,52454272.0,57218207.0,109672479.0,53584.0
2024-11-05 22:33:22.110388,52562632.0,57258338.0,109820970.0,148491.0
2024-11-05 22:33:51.383159,52576743.0,57281690.0,109858433.0,37463.0
2024-11-05 22:34:18.671385,52686482.0,57366124.0,110052606.0,194173.0
2024-11-05 22:34:48.643995,52719018.0,57428439.0,110147457.0,94851.0
2024-11-05 22:35:11.736895,52751201.0,57449082.0,110200283.0,52826.0
2024-11-05 22:35:32.067634,52775132.0,57464259.0,110239391.0,39108.0
2024-11-05 22:36:00.322828,52781154.0,57475607.0,110256761.0,17370.0
2024-11-05 22:36:24.232219,52785268.0,57480592.0,110265860.0,9099.0
2024-11-05 22:36:53.666513,52907402.0,57594013.0,110501415.0,235555.0
2024-11-05 22:37:22.460722,52927011.0,57638727.0,110565738.0,64323.0
2024-11-05 22:37:48.776605,52960711.0,57671044.0,110631755.0,66017.0
2024-11-05 22:38:07.984584,53006781.0,57732363.0,110739144.0,107389.0
2024-11-05 22:38:34.509685,53208106.0,57923693.0,111131799.0,392655.0
2024-11-05 22:38:58.278663,53215035.0,57932083.0,111147118.0,15319.0
2024-11-05 22:39:26.340161,53273166.0,57984270.0,111257436.0,110318.0
2024-11-05 22:39:52.339557,53346609.0,58038898.0,111385507.0,128071.0
2024-11-05 22:40:12.744203,53399834.0,58122440.0,111522274.0,136767.0
2024-11-05 22:40:35.632030,53422608.0,58147314.0,111569922.0,47648.0
2024-11-05 22:40:57.125126,53427383.0,58152860.0,111580243.0,10321.0
2024-11-05 22:41:28.459450,53555418.0,58257780.0,111813198.0,232955.0
2024-11-05 22:41:49.277328,53570347.0,58271363.0,111841710.0,28512.0
2024-11-05 22:42:12.236738,53579637.0,58283277.0,111862914.0,21204.0
2024-11-05 22:42:39.038350,53666533.0,58367431.0,112033964.0,171050.0
2024-11-05 22:42:57.572024,53670405.0,58370946.0,112041351.0,7387.0
2024-11-05 22:43:26.166355,53716411.0,58442934.0,112159345.0,117994.0
2024-11-05 22:43:49.516899,53717916.0,58444234.0,112162150.0,2805.0
2024-11-05 22:44:15.382861,53736662.0,58454692.0,112191354.0,29204.0
2024-11-05 22:44:36.564734,53749424.0,58471828.0,112221252.0,29898.0
2024-11-05 22:45:02.863762,53752048.0,58475646.0,112227694.0,6442.0
2024-11-05 22:45:22.450120,54933335.0,59026547.0,113959882.0,1732188.0
2024-11-05 22:45:45.314310,55094825.0,59084857.0,114179682.0,219800.0
2024-11-05 22:46:08.322743,55109792.0,59100491.0,114210283.0,30601.0
2024-11-05 22:46:28.868284,55119926.0,59135433.0,114255359.0,45076.0
2024-11-05 22:46:55.032413,55202282.0,59192510.0,114394792.0,139433.0
2024-11-05 22:47:25.764379,55222991.0,59229894.0,114452885.0,58093.0
2024-11-05 22:47:55.248168,55230645.0,59242200.0,114472845.0,19960.0
2024-11-05 22:48:25.861944,55256347.0,59274765.0,114531112.0,58267.0
2024-11-05 22:48:47.640839,55258178.0,59277784.0,114535962.0,4850.0
2024-11-05 22:49:06.220437,55337042.0,59381333.0,114718375.0,182413.0
2024-11-05 22:49:30.871727,55343571.0,59394208.0,114737779.0,19404.0
2024-11-05 22:49:49.258754,55377925.0,59429634.0,114807559.0,69780.0
2024-11-05 22:50:14.116926,55391883.0,59454357.0,114846240.0,38681.0
2024-11-05 22:50:41.180311,55636355.0,59683021.0,115319376.0,473136.0
2024-11-05 22:51:02.443436,55640344.0,59689165.0,115329509.0,10133.0
2024-11-05 22:51:25.747688,55648170.0,59697411.0,115345581.0,16072.0
2024-11-05 22:51:52.475819,55709182.0,59749978.0,115459160.0,113579.0
2024-11-05 22:52:24.714844,55791687.0,59825857.0,115617544.0,158384.0
2024-11-05 22:52:56.294198,55808897.0,59854770.0,115663667.0,46123.0
2024-11-05 22:53:20.664525,55912298.0,59953592.0,115865890.0,202223.0
2024-11-05 22:53:46.429883,55920425.0,59976340.0,115896765.0,30875.0
2024-11-05 22:54:06.991077,55922112.0,59979410.0,115901522.0,4757.0
2024-11-05 22:54:33.397491,55936262.0,60001823.0,115938085.0,36563.0
2024-11-05 22:54:54.381666,55982120.0,60029771.0,116011891.0,73806.0
2024-11-05 22:55:17.750723,56014511.0,60064747.0,116079258.0,67367.0
2024-11-05 22:55:37.755416,56045934.0,60115407.0,116161341.0,82083.0
2024-11-05 22:56:08.513337,56107150.0,60165226.0,116272376.0,111035.0
2024-11-05 22:56:37.180177,56109614.0,60169428.0,116279042.0,6666.0
2024-11-05 22:57:06.486401,56200640.0,60295571.0,116496211.0,217169.0
2024-11-05 22:57:31.927505,56248029.0,60349091.0,116597120.0,100909.0
2024-11-05 22:57:57.225082,56260425.0,60358517.0,116618942.0,21822.0
2024-11-05 22:58:24.467419,56320522.0,60439786.0,116760308.0,141366.0
2024-11-05 22:58:50.338848,56335439.0,60459386.0,116794825.0,34517.0
2024-11-05 22:59:20.557403,56563076.0,60698657.0,117261733.0,466908.0
2024-11-05 22:59:40.781504,56606815.0,60749981.0,117356796.0,95063.0
2024-11-05 23:00:06.190340,56612787.0,60756631.0,117369418.0,12622.0
2024-11-05 23:00:32.514093,56639632.0,60806423.0,117446055.0,76637.0
2024-11-05 23:00:56.843187,56646772.0,60819124.0,117465896.0,19841.0
2024-11-05 23:01:23.382604,56662618.0,60832967.0,117495585.0,29689.0
2024-11-05 23:01:45.839884,56737090.0,60897967.0,117635057.0,139472.0
2024-11-05 23:02:13.473130,56745485.0,60916094.0,117661579.0,26522.0
2024-11-05 23:02:34.795039,56763683.0,60931516.0,117695199.0,33620.0
2024-11-05 23:03:02.340668,56794994.0,60979576.0,117774570.0,79371.0
2024-11-05 23:03:47.754269,56827925.0,61010281.0,117838206.0,63636.0
2024-11-05 23:04:08.707948,56871119.0,61024575.0,117895694.0,57488.0
2024-11-05 23:04:35.046569,56872509.0,61026106.0,117898615.0,2921.0
2024-11-05 23:05:05.449225,56896289.0,61048893.0,117945182.0,46567.0
2024-11-05 23:05:24.875625,56934991.0,61077071.0,118012062.0,66880.0
2024-11-05 23:05:48.569203,56988380.0,61086068.0,118074448.0,62386.0
2024-11-05 23:06:18.546377,57023664.0,61113264.0,118136928.0,62480.0
2024-11-05 23:06:50.539071,57034820.0,61119578.0,118154398.0,17470.0
2024-11-05 23:07:15.513873,57040171.0,61124212.0,118164383.0,9985.0
2024-11-05 23:07:45.074610,57056916.0,61164404.0,118221320.0,56937.0
2024-11-05 23:08:15.805242,57072062.0,61187409.0,118259471.0,38151.0
2024-11-05 23:08:35.496655,57090519.0,61217104.0,118307623.0,48152.0
2024-11-05 23:09:06.006684,57092778.0,61221286.0,118314064.0,6441.0
2024-11-05 23:09:38.554823,57131558.0,61249354.0,118380912.0,66848.0
2024-11-05 23:10:07.414,57141156.0,61266935.0,118408091.0,27179.0
2024-11-05 23:10:30.753799,57164863.0,61309818.0,118474681.0,66590.0
2024-11-05 23:11:02.828525,57167266.0,61313083.0,118480349.0,5668.0
2024-11-05 23:11:27.827937,57204615.0,61376163.0,118580778.0,100429.0
2024-11-05 23:11:56.603500,57264403.0,61438784.0,118703187.0,122409.0
2024-11-05 23:12:27.129979,57293243.0,61458767.0,118752010.0,48823.0
2024-11-05 23:12:53.726813,57319683.0,61482534.0,118802217.0,50207.0
2024-11-05 23:13:17.578787,57331721.0,61506399.0,118838120.0,35903.0
2024-11-05 23:13:35.427274,57385570.0,61550385.0,118935955.0,97835.0
2024-11-05 23:14:01.129696,57394089.0,61560859.0,118954948.0,18993.0
2024-11-05 23:14:24.878587,57397794.0,61573253.0,118971047.0,16099.0
2024-11-05 23:14:56.216950,57400437.0,61578853.0,118979290.0,8243.0
2024-11-05 23:15:20.044902,57686676.0,61892705.0,119579381.0,600091.0
2024-11-05 23:16:16.647649,57707754.0,61920329.0,119628083.0,48702.0
2024-11-05 23:16:45.696293,57712144.0,61928277.0,119640421.0,12338.0
2024-11-05 23:17:10.852747,57712389.0,61928652.0,119641041.0,620.0
2024-11-05 23:17:39.237139,57771740.0,61989904.0,119761644.0,120603.0
2024-11-05 23:18:40.818670,57790155.0,62015885.0,119806040.0,44396.0
2024-11-05 23:19:12.167077,57810320.0,62034352.0,119844672.0,38632.0
2024-11-05 23:19:32.801558,57816309.0,62043910.0,119860219.0,15547.0
2024-11-05 23:20:01.915571,57838786.0,62061966.0,119900752.0,40533.0
2024-11-05 23:20:23.731314,57839650.0,62063335.0,119902985.0,2233.0
2024-11-05 23:20:52.443714,58001226.0,62208758.0,120209984.0,306999.0
2024-11-05 23:21:16.115180,58047563.0,62279792.0,120327355.0,117371.0
2024-11-05 23:21:39.621049,58048517.0,62281737.0,120330254.0,2899.0
2024-11-05 23:22:00.945904,58055638.0,62283087.0,120338725.0,8471.0
2024-11-05 23:22:24.120979,58077521.0,62318046.0,120395567.0,56842.0
2024-11-05 23:22:58.295543,58092809.0,62340228.0,120433037.0,37470.0
2024-11-05 23:23:25.582547,58103111.0,62373621.0,120476732.0,43695.0
2024-11-05 23:23:58.318202,58134656.0,62416678.0,120551334.0,74602.0
2024-11-05 23:25:15.396118,58136698.0,62417700.0,120554398.0,3064.0
2024-11-05 23:25:34.281296,58158482.0,62458487.0,120616969.0,62571.0
2024-11-05 23:25:53.438499,58159164.0,62459240.0,120618404.0,1435.0
2024-11-05 23:26:14.106192,58238288.0,62592876.0,120831164.0,212760.0
2024-11-05 23:26:34.978504,58243836.0,62603861.0,120847697.0,16533.0
2024-11-05 23:26:54.633294,58255727.0,62613440.0,120869167.0,21470.0
2024-11-05 23:27:18.216611,58265603.0,62628139.0,120893742.0,24575.0
2024-11-05 23:27:44.924700,58292993.0,62650158.0,120943151.0,49409.0
2024-11-05 23:28:13.236049,58315360.0,62665812.0,120981172.0,38021.0
2024-11-05 23:28:40.125498,58315549.0,62666395.0,120981944.0,772.0
2024-11-05 23:29:11.311236,58326361.0,62690494.0,121016855.0,34911.0
2024-11-05 23:29:33.283458,58337226.0,62706242.0,121043468.0,26613.0
2024-11-05 23:30:04.134381,58349288.0,62716057.0,121065345.0,21877.0
2024-11-05 23:30:35.351399,58378066.0,62756802.0,121134868.0,69523.0
2024-11-05 23:31:00.883256,58395141.0,62771883.0,121167024.0,32156.0
2024-11-05 23:31:27.779420,58407894.0,62792812.0,121200706.0,33682.0
2024-11-05 23:31:54.003902,58478538.0,62883474.0,121362012.0,161306.0
2024-11-05 23:32:17.792438,58496390.0,62902210.0,121398600.0,36588.0
2024-11-05 23:32:42.755618,58497557.0,62906738.0,121404295.0,5695.0
2024-11-05 23:33:36.219785,58510835.0,62931471.0,121442306.0,38011.0
2024-11-05 23:34:09.597270,58511474.0,62940456.0,121451930.0,9624.0
2024-11-05 23:34:42.898984,58568885.0,62997951.0,121566836.0,114906.0
2024-11-05 23:35:04.221555,58599710.0,63028598.0,121628308.0,61472.0
2024-11-05 23:35:37.369424,58656771.0,63136795.0,121793566.0,165258.0
2024-11-05 23:36:06.830323,58659954.0,63141622.0,121801576.0,8010.0
2024-11-05 23:36:41.589637,58660279.0,63142311.0,121802590.0,1014.0
2024-11-05 23:37:14.553360,58675294.0,63157657.0,121832951.0,30361.0
2024-11-05 23:37:38.808022,58732766.0,63189992.0,121922758.0,89807.0
2024-11-05 23:38:07.957548,58766088.0,63243035.0,122009123.0,86365.0
2024-11-05 23:38:57.495621,58769082.0,63243466.0,122012548.0,3425.0
2024-11-05 23:39:27.219523,58775814.0,63254595.0,122030409.0,17861.0
2024-11-05 23:39:49.660778,58776452.0,63254911.0,122031363.0,954.0
2024-11-05 23:40:24.193682,58792906.0,63282129.0,122075035.0,43672.0
2024-11-05 23:40:47.146574,58800961.0,63306078.0,122107039.0,32004.0
2024-11-05 23:41:09.356070,58806654.0,63316008.0,122122662.0,15623.0
2024-11-05 23:41:36.064309,58818665.0,63337730.0,122156395.0,33733.0
2024-11-05 23:42:02.904091,58843824.0,63363636.0,122207460.0,51065.0
2024-11-05 23:42:28.123107,58847692.0,63370337.0,122218029.0,10569.0
2024-11-05 23:42:53.530362,58850357.0,63371990.0,122222347.0,4318.0
2024-11-05 23:43:15.149818,58857906.0,63376788.0,122234694.0,12347.0
2024-11-05 23:43:41.201062,58882158.0,63406750.0,122288908.0,54214.0
2024-11-05 23:44:12.492820,58932265.0,63449182.0,122381447.0,92539.0
2024-11-05 23:45:05.362773,58942708.0,63467945.0,122410653.0,29206.0
2024-11-05 23:45:28.476657,58943836.0,63472986.0,122416822.0,6169.0
2024-11-05 23:45:48.578566,58960383.0,63480275.0,122440658.0,23836.0
2024-11-05 23:46:17.626965,59006012.0,63539882.0,122545894.0,105236.0
2024-11-05 23:46:48.492723,59065534.0,63620776.0,122686310.0,140416.0
2024-11-05 23:47:10.444824,59070191.0,63626636.0,122696827.0,10517.0
2024-11-05 23:47:36.285401,59137072.0,63715606.0,122852678.0,155851.0
2024-11-05 23:48:01.377692,59137754.0,63718822.0,122856576.0,3898.0
2024-11-05 23:48:21.025896,59143180.0,63729968.0,122873148.0,16572.0
2024-11-05 23:49:04.635703,59143328.0,63730056.0,122873384.0,236.0
2024-11-05 23:49:29.827531,59162847.0,63747422.0,122910269.0,36885.0
2024-11-05 23:50:00.922623,59192774.0,63766887.0,122959661.0,49392.0
2024-11-05 23:50:24.132423,59266380.0,63836224.0,123102604.0,142943.0
2024-11-05 23:50:50.054258,59269192.0,63841438.0,123110630.0,8026.0
2024-11-05 23:51:09.858580,59336443.0,63952961.0,123289404.0,178774.0
2024-11-05 23:51:40.145053,59345165.0,63959735.0,123304900.0,15496.0
2024-11-05 23:52:08.020057,59347685.0,63964183.0,123311868.0,6968.0
2024-11-05 23:53:40.457326,59383732.0,64033310.0,123417042.0,105174.0
2024-11-05 23:53:59.896161,59384305.0,64033614.0,123417919.0,877.0
2024-11-05 23:54:26.772758,59401527.0,64064620.0,123466147.0,48228.0
2024-11-05 23:55:16.518322,59440570.0,64134983.0,123575553.0,109406.0
2024-11-05 23:55:44.313732,59444135.0,64139034.0,123583169.0,7616.0
2024-11-05 23:56:11.236031,59447884.0,64147851.0,123595735.0,12566.0
2024-11-05 23:56:44.927656,59460323.0,64173593.0,123633916.0,38181.0
2024-11-05 23:57:36.587275,59468231.0,64188075.0,123656306.0,22390.0
2024-11-05 23:58:04.969976,59501171.0,64211221.0,123712392.0,56086.0
2024-11-05 23:58:28.225005,59553591.0,64266618.0,123820209.0,107817.0
2024-11-05 23:58:51.550152,59554743.0,64268259.0,123823002.0,2793.0
2024-11-05 23:59:22.226410,59562604.0,64278597.0,123841201.0,18199.0
2024-11-05 23:59:44.703719,59663847.0,64387020.0,124050867.0,209666.0
2024-11-06 00:00:14.532696,59709291.0,64442553.0,124151844.0,100977.0
2024-11-06 00:00:41.903993,59709527.0,64442676.0,124152203.0,359.0
2024-11-06 00:01:00.177719,59710390.0,64443108.0,124153498.0,1295.0
2024-11-06 00:01:31.850108,59811028.0,64549251.0,124360279.0,206781.0
2024-11-06 00:01:57.455703,59821028.0,64549251.0,124370279.0,10000.0
2024-11-06 00:02:27.500892,59880854.0,64612433.0,124493287.0,123008.0
2024-11-06 00:02:52.393586,60260748.0,64981409.0,125242157.0,748870.0
2024-11-06 00:03:30.041852,60275864.0,65001650.0,125277514.0,35357.0
2024-11-06 00:03:48.543964,60282223.0,65011206.0,125293429.0,15915.0
2024-11-06 00:04:12.553506,60299057.0,65032244.0,125331301.0,37872.0
2024-11-06 00:04:30.477254,60309667.0,65043631.0,125353298.0,21997.0
2024-11-06 00:04:50.932449,60310058.0,65044027.0,125354085.0,787.0
2024-11-06 00:05:11.963898,60326754.0,65059370.0,125386124.0,32039.0
2024-11-06 00:05:42.058260,60349128.0,65080085.0,125429213.0,43089.0
2024-11-06 00:06:29.654534,60365531.0,65098383.0,125463914.0,43883.0
2024-11-06 00:06:53.127936,60365981.0,65099426.0,125465407.0,1493.0
2024-11-06 00:07:17.256120,60366677.0,65100986.0,125467663.0,2256.0
2024-11-06 00:07:38.748560,60400350.0,65124347.0,125524697.0,57034.0
2024-11-06 00:08:07.844070,60426495.0,65166502.0,125592997.0,68300.0
2024-11-06 00:08:33.866611,60469680.0,65203033.0,125672713.0,79716.0
2024-11-06 00:08:55.473330,60471845.0,65206310.0,125678155.0,5442.0
2024-11-06 00:09:15.487184,60472552.0,65206653.0,125679205.0,1050.0
2024-11-06 00:09:43.226839,60484832.0,65219925.0,125704757.0,25552.0
2024-11-06 00:10:08.004854,60504768.0,65229119.0,125733887.0,29130.0
2024-11-06 00:10:34.361877,60508974.0,65237509.0,125746483.0,12596.0
2024-11-06 00:10:55.539818,60536706.0,65258326.0,125795032.0,48549.0
2024-11-06 00:11:16.492111,60538874.0,65262307.0,125801181.0,6149.0
2024-11-06 00:11:41.988817,60552272.0,65287355.0,125839627.0,38446.0
2024-11-06 00:12:09.513078,60704639.0,65390304.0,126094943.0,255316.0
2024-11-06 00:12:33.208300,60708418.0,65390830.0,126099248.0,4305.0
2024-11-06 00:12:50.683538,60717460.0,65402836.0,126120296.0,21048.0
2024-11-06 00:13:26.742175,60725815.0,65428026.0,126153841.0,33545.0
2024-11-06 00:13:55.085828,60726507.0,65429111.0,126155618.0,1777.0
2024-11-06 00:14:15.496889,60730996.0,65439763.0,126170759.0,15141.0
2024-11-06 00:14:37.000042,60733449.0,65441706.0,126175155.0,4396.0
2024-11-06 00:15:05.946056,60740988.0,65446806.0,126187794.0,12639.0
2024-11-06 00:15:34.575206,60749793.0,65450559.0,126200352.0,12558.0
2024-11-06 00:15:55.751707,60776186.0,65494597.0,126270783.0,70431.0
2024-11-06 00:16:17.374575,60787828.0,65508747.0,126296575.0,25792.0
2024-11-06 00:16:37.700400,60798555.0,65520154.0,126318709.0,22134.0
2024-11-06 00:16:59.343354,60799433.0,65522209.0,126321642.0,2933.0
2024-11-06 00:17:22.981516,60834757.0,65545239.0,126379996.0,58354.0
2024-11-06 00:17:49.512197,60847731.0,65548962.0,126396693.0,16697.0
2024-11-06 00:18:16.549689,60860234.0,65561863.0,126422097.0,25404.0
2024-11-06 00:19:03.514948,60870701.0,65573947.0,126444648.0,22551.0
2024-11-06 00:19:30.275675,60879562.0,65576867.0,126456429.0,11781.0
2024-11-06 00:19:57.252816,60885277.0,65584076.0,126469353.0,12924.0
2024-11-06 00:20:23.863313,60926935.0,65632829.0,126559764.0,90411.0
2024-11-06 00:20:45.440959,60928143.0,65633666.0,126561809.0,2045.0
2024-11-06 00:21:33.953274,60943630.0,65645353.0,126588983.0,30768.0
2024-11-06 00:21:57.416680,60960026.0,65686140.0,126646166.0,57183.0
2024-11-06 00:22:17.545745,60961985.0,65688951.0,126650936.0,4770.0
2024-11-06 00:22:40.680848,60963295.0,65692993.0,126656288.0,5352.0
2024-11-06 00:23:25.355646,60986427.0,65736281.0,126722708.0,66420.0
2024-11-06 00:23:48.544294,60989890.0,65739286.0,126729176.0,6468.0
2024-11-06 00:24:06.791755,60991165.0,65741651.0,126732816.0,3640.0
2024-11-06 00:24:46.293241,60995976.0,65744660.0,126740636.0,7820.0
2024-11-06 00:25:12.171286,61003501.0,65754785.0,126758286.0,17650.0
2024-11-06 00:25:39.555735,61027213.0,65781998.0,126809211.0,50925.0
2024-11-06 00:26:04.741081,61028444.0,65785220.0,126813664.0,4453.0
2024-11-06 00:26:25.382836,61032648.0,65794244.0,126826892.0,13228.0
2024-11-06 00:26:48.760225,61038567.0,65799177.0,126837744.0,10852.0
2024-11-06 00:27:07.729374,61046446.0,65824502.0,126870948.0,33204.0
2024-11-06 00:27:27.410122,61071403.0,65858554.0,126929957.0,59009.0
2024-11-06 00:27:54.372044,61075816.0,65867498.0,126943314.0,13357.0
2024-11-06 00:28:20.897108,61084231.0,65871424.0,126955655.0,12341.0
2024-11-06 00:29:31.487751,61092434.0,65883639.0,126976073.0,20418.0
2024-11-06 00:29:58.584073,61093020.0,65886551.0,126979571.0,3498.0
2024-11-06 00:30:16.336208,61099864.0,65895188.0,126995052.0,15481.0
2024-11-06 00:30:40.760245,61091879.0,65905241.0,126997120.0,2068.0
2024-11-06 00:31:03.717239,61094827.0,65918109.0,127012936.0,15816.0
2024-11-06 00:31:29.047672,61098957.0,65933554.0,127032511.0,19575.0
2024-11-06 00:32:09.860375,61124355.0,65972498.0,127096853.0,64342.0
2024-11-06 00:32:38.106108,61124523.0,65972662.0,127097185.0,332.0
2024-11-06 00:33:02.532429,61159682.0,65999745.0,127159427.0,62242.0
2024-11-06 00:33:27.318758,61211007.0,66024660.0,127235667.0,76240.0
2024-11-06 00:34:08.902087,61219513.0,66028890.0,127248403.0,12736.0
2024-11-06 00:34:30.277362,61226200.0,66036094.0,127262294.0,13891.0
2024-11-06 00:35:10.651959,61250969.0,66066270.0,127317239.0,54945.0
2024-11-06 00:35:33.897005,61251817.0,66068657.0,127320474.0,3235.0
2024-11-06 00:36:22.255607,61257785.0,66076075.0,127333860.0,13386.0
2024-11-06 00:36:45.431778,61257797.0,66076083.0,127333880.0,20.0
2024-11-06 00:37:02.403295,61334338.0,66136054.0,127470392.0,136512.0
2024-11-06 00:37:28.282175,61361201.0,66174828.0,127536029.0,65637.0
2024-11-06 00:37:48.339328,61371203.0,66180560.0,127551763.0,15734.0
2024-11-06 00:38:12.767191,61428592.0,66227512.0,127656104.0,104341.0
2024-11-06 00:38:38.991842,61429898.0,66232614.0,127662512.0,6408.0
2024-11-06 00:39:03.486079,61430067.0,66233519.0,127663586.0,1074.0
2024-11-06 00:39:27.919381,61436060.0,66240221.0,127676281.0,12695.0
2024-11-06 00:40:14.844069,61449654.0,66259771.0,127709425.0,33144.0
2024-11-06 00:40:38.458838,61450335.0,66261214.0,127711549.0,2124.0
2024-11-06 00:41:00.128915,61460112.0,66289231.0,127749343.0,37794.0
2024-11-06 00:42:17.939714,61443204.0,66313551.0,127756755.0,43693.0
2024-11-06 00:42:40.744864,61443961.0,66316254.0,127760215.0,3460.0
2024-11-06 00:43:09.237854,61451232.0,66321489.0,127772721.0,12506.0
2024-11-06 00:43:36.382337,61465900.0,66330233.0,127796133.0,23412.0
2024-11-06 00:43:53.479131,61467646.0,66332859.0,127800505.0,4372.0
2024-11-06 00:44:12.962901,61467980.0,66334671.0,127802651.0,2146.0
2024-11-06 00:44:34.162224,61468149.0,66334830.0,127802979.0,328.0
2024-11-06 00:44:54.115574,61487688.0,66357152.0,127844840.0,41861.0
2024-11-06 00:45:14.220053,61508156.0,66383006.0,127891162.0,46322.0
2024-11-06 00:46:15.908124,61510555.0,66385890.0,127896445.0,5283.0
2024-11-06 00:46:34.118170,61535589.0,66413270.0,127948859.0,52414.0
2024-11-06 00:46:51.440993,61535947.0,66414501.0,127950448.0,1589.0
2024-11-06 00:47:17.081753,61543011.0,66421908.0,127964919.0,14471.0
2024-11-06 00:47:39.723863,61543883.0,66423312.0,127967195.0,2276.0
2024-11-06 00:47:55.647571,61544193.0,66424518.0,127968711.0,1516.0
2024-11-06 00:48:13.800937,61547036.0,66427882.0,127974918.0,6207.0
2024-11-06 00:48:32.198006,61547965.0,66428727.0,127976692.0,1774.0
2024-11-06 00:49:19.458448,61551443.0,66433496.0,127984939.0,8247.0
2024-11-06 00:49:40.472992,61561641.0,66462364.0,128024005.0,39066.0
2024-11-06 00:50:07.434573,61601472.0,66496117.0,128097589.0,73584.0
2024-11-06 00:50:51.268569,61601507.0,66496126.0,128097633.0,44.0
2024-11-06 00:51:18.710579,61647268.0,66539157.0,128186425.0,88792.0
2024-11-06 00:51:35.681165,61655885.0,66545208.0,128201093.0,14668.0
2024-11-06 00:51:59.159093,61661898.0,66549659.0,128211557.0,10464.0
2024-11-06 00:52:21.450992,61717172.0,66589920.0,128307092.0,95535.0
2024-11-06 00:52:46.734118,61729291.0,66601049.0,128330340.0,23248.0
2024-11-06 00:53:04.893411,61733582.0,66609150.0,128342732.0,12392.0
2024-11-06 00:53:31.139074,61760168.0,66640730.0,128400898.0,58166.0
2024-11-06 00:53:55.068100,61760199.0,66640926.0,128401125.0,227.0
2024-11-06 00:54:12.124426,61764890.0,66645434.0,128410324.0,9199.0
2024-11-06 00:54:56.217096,61766241.0,66649609.0,128415850.0,5526.0
2024-11-06 00:55:48.508012,61767386.0,66655403.0,128422789.0,6939.0
2024-11-06 00:56:13.032950,61767888.0,66656087.0,128423975.0,1186.0
2024-11-06 00:57:00.005531,61796232.0,66675619.0,128471851.0,52298.0
2024-11-06 00:57:19.741356,61796665.0,66676350.0,128473015.0,1164.0
2024-11-06 00:57:47.483200,61800308.0,66686373.0,128486681.0,13666.0
2024-11-06 00:58:38.735830,61833469.0,66722813.0,128556282.0,69601.0
2024-11-06 00:59:00.077061,61838056.0,66731778.0,128569834.0,13552.0
2024-11-06 00:59:26.122827,61842192.0,66742619.0,128584811.0,14977.0
2024-11-06 01:00:33.333700,61859140.0,66754927.0,128614067.0,29256.0
2024-11-06 01:00:49.689374,61871665.0,66766819.0,128638484.0,24417.0
2024-11-06 01:01:32.162951,61910666.0,66825190.0,128735856.0,97372.0
2024-11-06 01:01:53.111092,61917893.0,66831911.0,128749804.0,13948.0
2024-11-06 01:02:14.438074,61936873.0,66851561.0,128788434.0,38630.0
2024-11-06 01:03:41.949567,61947515.0,66862906.0,128810421.0,21987.0
2024-11-06 01:04:06.856898,61950265.0,66864993.0,128815258.0,4837.0
2024-11-06 01:04:31.244826,61952501.0,66872972.0,128825473.0,10215.0
2024-11-06 01:05:54.801601,61952857.0,66873151.0,128826008.0,535.0
2024-11-06 01:06:17.660264,61959404.0,66887869.0,128847273.0,21265.0
2024-11-06 01:06:59.905813,61962069.0,66892167.0,128854236.0,6963.0
2024-11-06 01:07:22.915558,61963404.0,66893062.0,128856466.0,2230.0
2024-11-06 01:07:43.284563,61977738.0,66897402.0,128875140.0,18674.0
2024-11-06 01:08:07.151649,62019570.0,66948777.0,128968347.0,93207.0
2024-11-06 01:08:28.756375,62033666.0,66956308.0,128989974.0,21627.0
2024-11-06 01:09:14.993689,62035836.0,66957840.0,128993676.0,3702.0
2024-11-06 01:09:33.314867,62040639.0,66964885.0,129005524.0,11848.0
2024-11-06 01:09:49.879627,62041365.0,66969363.0,129010728.0,5204.0
2024-11-06 01:10:12.417023,62041433.0,66969390.0,129010823.0,95.0
2024-11-06 01:10:39.934683,62043055.0,66970105.0,129013160.0,2337.0
2024-11-06 01:11:28.270733,62056243.0,66994993.0,129051236.0,38076.0
2024-11-06 01:12:20.895165,62059814.0,66998487.0,129058301.0,7065.0
2024-11-06 01:12:43.083754,62075776.0,67023375.0,129099151.0,40850.0
2024-11-06 01:13:08.647906,62089194.0,67039879.0,129129073.0,29922.0
2024-11-06 01:13:51.708495,62100766.0,67041803.0,129142569.0,13496.0
2024-11-06 01:14:38.478083,62114840.0,67054876.0,129169716.0,27147.0
2024-11-06 01:15:39.026807,62125275.0,67067644.0,129192919.0,23203.0
2024-11-06 01:16:27.240791,62145632.0,67088231.0,129233863.0,40944.0
2024-11-06 01:17:26.855589,62147553.0,67091893.0,129239446.0,147069.0
2024-11-06 01:17:46.698820,62172940.0,67113939.0,129286879.0,47433.0
2024-11-06 01:18:08.005932,62174175.0,67114722.0,129288897.0,2018.0
2024-11-06 01:18:30.235800,62188985.0,67140585.0,129329570.0,40673.0
2024-11-06 01:18:57.392698,62190582.0,67142698.0,129333280.0,3710.0
2024-11-06 01:19:19.578680,62217479.0,67161123.0,129378602.0,45322.0
2024-11-06 01:19:46.354712,62224363.0,67167636.0,129391999.0,13397.0
2024-11-06 01:20:05.946046,62224979.0,67168365.0,129393344.0,1345.0
2024-11-06 01:20:30.221270,62226009.0,67169469.0,129395478.0,2134.0
2024-11-06 01:20:55.016969,62240794.0,67192558.0,129433352.0,37874.0
2024-11-06 01:21:17.589919,62267929.0,67209990.0,129477919.0,44567.0
2024-11-06 01:21:50.804562,62268055.0,67210252.0,129478307.0,388.0
2024-11-06 01:22:11.693146,62270853.0,67217731.0,129488584.0,10277.0
2024-11-06 01:22:32.837430,62271166.0,67217939.0,129489105.0,521.0
2024-11-06 01:22:55.133400,62272503.0,67225206.0,129497709.0,8604.0
2024-11-06 01:23:17.152570,62277796.0,67230766.0,129508562.0,10853.0
2024-11-06 01:23:45.859699,62277847.0,67230982.0,129508829.0,267.0
2024-11-06 01:24:04.226342,62311290.0,67284523.0,129595813.0,86984.0
2024-11-06 01:25:05.724659,62313856.0,67285016.0,129598872.0,3059.0
2024-11-06 01:25:30.487674,62337877.0,67308941.0,129646818.0,47946.0
2024-11-06 01:26:48.723022,62338648.0,67311168.0,129649816.0,2998.0
2024-11-06 01:27:05.274550,62352452.0,67318939.0,129671391.0,21575.0
2024-11-06 01:27:34.118146,62355641.0,67326196.0,129681837.0,10446.0
2024-11-06 01:28:19.105115,62365694.0,67339569.0,129705263.0,23426.0
2024-11-06 01:29:01.419689,62366396.0,67342875.0,129709271.0,4008.0
2024-11-06 01:29:40.649065,62367135.0,67343725.0,129710860.0,1589.0
2024-11-06 01:30:01.352272,62367577.0,67344294.0,129711871.0,1011.0
2024-11-06 01:30:29.897231,62534041.0,67431631.0,129965672.0,253801.0
2024-11-06 01:30:50.957576,62542211.0,67442082.0,129984293.0,18621.0
2024-11-06 01:31:10.769085,62573054.0,67502832.0,130075886.0,91593.0
2024-11-06 01:31:40.040247,62586314.0,67519778.0,130106092.0,30206.0
2024-11-06 01:32:26.292683,62605969.0,67555785.0,130161754.0,55662.0
2024-11-06 01:32:48.769611,62607256.0,67558067.0,130165323.0,3569.0
2024-11-06 01:33:14.828785,62613902.0,67562595.0,130176497.0,11174.0
2024-11-06 01:33:41.705101,62622531.0,67568072.0,130190603.0,14106.0
2024-11-06 01:34:10.964218,62628975.0,67573522.0,130202497.0,11894.0
2024-11-06 01:34:30.587594,62640297.0,67581240.0,130221537.0,19040.0
2024-11-06 01:34:56.095687,62665662.0,67594822.0,130260484.0,38947.0
2024-11-06 01:35:17.509515,62677972.0,67602771.0,130280743.0,20259.0
2024-11-06 01:36:28.452793,62678346.0,67604497.0,130282843.0,2100.0
2024-11-06 01:36:50.960229,62681875.0,67614009.0,130295884.0,13041.0
2024-11-06 01:37:09.946254,62682694.0,67615540.0,130298234.0,2350.0
2024-11-06 01:37:36.417317,62693532.0,67639019.0,130332551.0,34317.0
2024-11-06 01:38:19.590901,62702845.0,67647586.0,130350431.0,17880.0
2024-11-06 01:39:23.234698,62706315.0,67650326.0,130356641.0,6210.0
2024-11-06 01:40:09.616767,62711843.0,67655933.0,130367776.0,11135.0
2024-11-06 01:41:13.389358,62727675.0,67678890.0,130406565.0,38789.0
2024-11-06 01:42:12.782305,62739061.0,67688525.0,130427586.0,21021.0
2024-11-06 01:42:35.764234,62740700.0,67692003.0,130432703.0,5117.0
2024-11-06 01:43:05.768982,62764803.0,67717854.0,130482657.0,49954.0
2024-11-06 01:44:16.892162,62786413.0,67729517.0,130515930.0,33273.0
2024-11-06 01:44:44.816044,62786745.0,67730230.0,130516975.0,1045.0
2024-11-06 01:45:10.580837,62811909.0,67757201.0,130569110.0,52135.0
2024-11-06 01:46:18.854574,62861726.0,67811123.0,130672849.0,103739.0
2024-11-06 01:46:34.607803,62862188.0,67812403.0,130674591.0,1742.0
2024-11-06 01:46:58.948444,62865183.0,67817381.0,130682564.0,7973.0
2024-11-06 01:47:27.029891,62873908.0,67831823.0,130705731.0,23167.0
2024-11-06 01:48:08.897769,62886346.0,67849545.0,130735891.0,30160.0
2024-11-06 01:49:20.058666,62889880.0,67856104.0,130745984.0,10093.0
2024-11-06 01:50:40.195880,62897347.0,67860928.0,130758275.0,12291.0
2024-11-06 01:51:22.565246,62907971.0,67875276.0,130783247.0,24972.0
2024-11-06 01:52:25.833934,62908144.0,67875725.0,130783869.0,622.0
2024-11-06 01:53:40.805195,62922189.0,67898397.0,130820586.0,36717.0
2024-11-06 01:54:24.968752,62927809.0,67911620.0,130839429.0,18843.0
2024-11-06 01:54:51.241497,62927810.0,67911620.0,130839430.0,1.0
2024-11-06 01:55:10.843779,62928225.0,67912011.0,130840236.0,806.0
2024-11-06 01:55:27.873584,62930584.0,67915295.0,130845879.0,5643.0
2024-11-06 01:56:14.556914,62930812.0,67916328.0,130847140.0,1261.0
2024-11-06 01:56:35.100805,62936624.0,67924162.0,130860786.0,13646.0
2024-11-06 01:57:16.830515,62939286.0,67927167.0,130866453.0,5667.0
2024-11-06 01:57:44.312055,62955917.0,67954770.0,130910687.0,44234.0
2024-11-06 01:58:09.718324,63014179.0,67997142.0,131011321.0,100634.0
2024-11-06 01:59:00.535256,63014669.0,67997619.0,131012288.0,967.0
2024-11-06 01:59:22.213614,63015644.0,68000115.0,131015759.0,3471.0
2024-11-06 02:00:08.713054,63018456.0,68002254.0,131020710.0,4951.0
2024-11-06 02:00:29.567204,63031956.0,68019905.0,131051861.0,31151.0
2024-11-06 02:00:56.406747,63047989.0,68028137.0,131076126.0,24265.0
2024-11-06 02:01:23.818804,63069679.0,68043137.0,131112816.0,36690.0
2024-11-06 02:02:15.724580,63074404.0,68049394.0,131123798.0,10982.0
2024-11-06 02:02:43.533722,63075575.0,68050265.0,131125840.0,2042.0
2024-11-06 02:03:57.083617,63084651.0,68060875.0,131145526.0,19686.0
2024-11-06 02:04:23.455502,63089591.0,68066399.0,131155990.0,10464.0
2024-11-06 02:05:07.844870,63101291.0,68075921.0,131177212.0,21222.0
2024-11-06 02:05:32.851996,63101610.0,68076334.0,131177944.0,732.0
2024-11-06 02:06:36.977857,63119057.0,68094925.0,131213982.0,36038.0
2024-11-06 02:07:03.715700,63126875.0,68101187.0,131228062.0,14080.0
2024-11-06 02:07:43.581705,63130176.0,68102134.0,131232310.0,4248.0
2024-11-06 02:08:04.309400,63130492.0,68102500.0,131232992.0,682.0
2024-11-06 02:08:28.633924,63147895.0,68110138.0,131258033.0,25041.0
2024-11-06 02:09:46.987555,63148341.0,68111770.0,131260111.0,2078.0
2024-11-06 02:10:11.718594,63154860.0,68116323.0,131271183.0,11072.0
2024-11-06 02:10:37.097702,63155713.0,68117669.0,131273382.0,2199.0
2024-11-06 02:11:28.060218,63164245.0,68133859.0,131298104.0,24722.0
2024-11-06 02:11:52.235331,63164387.0,68134573.0,131298960.0,856.0
2024-11-06 02:12:33.457199,63184113.0,68167548.0,131351661.0,52701.0
2024-11-06 02:12:49.759752,63185471.0,68169927.0,131355398.0,3737.0
2024-11-06 02:13:13.797904,63194002.0,68176174.0,131370176.0,14778.0
2024-11-06 02:13:37.793594,63197953.0,68184623.0,131382576.0,12400.0
2024-11-06 02:14:20.749010,63198907.0,68186594.0,131385501.0,2925.0
2024-11-06 02:14:39.466739,63199508.0,68188649.0,131388157.0,2656.0
2024-11-06 02:14:58.441738,63202211.0,68197587.0,131399798.0,11641.0
2024-11-06 02:15:36.043309,63222082.0,68230011.0,131452093.0,52295.0
2024-11-06 02:16:02.729730,63223846.0,68233812.0,131457658.0,5565.0
2024-11-06 02:16:25.793205,63225065.0,68235837.0,131460902.0,3244.0
2024-11-06 02:17:11.410657,63226307.0,68239887.0,131466194.0,5292.0
2024-11-06 02:17:39.837318,63236058.0,68247394.0,131483452.0,17258.0
2024-11-06 02:18:08.773953,63245202.0,68264409.0,131509611.0,26159.0
2024-11-06 02:18:30.176492,63245458.0,68265382.0,131510840.0,1229.0
2024-11-06 02:18:47.433733,63247461.0,68270513.0,131517974.0,7134.0
2024-11-06 02:19:13.427190,63250879.0,68277718.0,131528597.0,10623.0
2024-11-06 02:19:34.728447,63270030.0,68296731.0,131566761.0,38164.0
2024-11-06 02:20:00.539470,63278484.0,68303748.0,131582232.0,15471.0
2024-11-06 02:20:18.544060,63279986.0,68305677.0,131585663.0,3431.0
2024-11-06 02:20:46.887617,63280926.0,68306016.0,131586942.0,1279.0
2024-11-06 02:21:40.942370,63283179.0,68308635.0,131591814.0,4872.0
2024-11-06 02:22:10.438310,63283519.0,68309184.0,131592703.0,889.0
2024-11-06 02:22:28.346023,63284050.0,68312839.0,131596889.0,4186.0
2024-11-06 02:22:51.368965,63284050.0,68312842.0,131596892.0,3.0
2024-11-06 02:24:06.491970,63295888.0,68324682.0,131620570.0,23678.0
2024-11-06 02:25:23.007537,63301852.0,68332235.0,131634087.0,13517.0
2024-11-06 02:26:02.887312,63302510.0,68333348.0,131635858.0,1771.0
2024-11-06 02:26:26.863785,63308034.0,68342882.0,131650916.0,15058.0
2024-11-06 02:26:46.807012,63313851.0,68347956.0,131661807.0,10891.0
2024-11-06 02:27:32.388428,63314235.0,68349742.0,131663977.0,2170.0
2024-11-06 02:28:13.152062,63338862.0,68370868.0,131709730.0,45753.0
2024-11-06 02:29:18.898689,63340500.0,68378224.0,131718724.0,8994.0
2024-11-06 02:30:18.108316,63345655.0,68392068.0,131737723.0,18999.0
2024-11-06 02:30:34.363264,63347096.0,68393456.0,131740552.0,2829.0
2024-11-06 02:30:58.319203,63347683.0,68394627.0,131742310.0,1758.0
2024-11-06 02:31:14.228912,63350764.0,68400723.0,131751487.0,9177.0
2024-11-06 02:31:30.129129,63351529.0,68402589.0,131754118.0,2631.0
2024-11-06 02:32:14.441306,63352303.0,68403459.0,131755762.0,1644.0
2024-11-06 02:32:30.383236,63371680.0,68432350.0,131804030.0,48268.0
2024-11-06 02:34:31.722110,63384576.0,68442063.0,131826639.0,22609.0
2024-11-06 02:35:45.671012,63386153.0,68445459.0,131831612.0,4973.0
2024-11-06 02:36:03.815424,63388271.0,68451758.0,131840029.0,8417.0
2024-11-06 02:36:25.240583,63389950.0,68454254.0,131844204.0,4175.0
2024-11-06 02:37:22.569130,63390220.0,68454625.0,131844845.0,641.0
2024-11-06 02:37:49.281076,63392445.0,68456710.0,131849155.0,4310.0
2024-11-06 02:38:17.682695,63403815.0,68464536.0,131868351.0,19196.0
2024-11-06 02:39:05.345912,63482474.0,68548814.0,132031288.0,162937.0
2024-11-06 02:39:31.894422,63488417.0,68558678.0,132047095.0,15807.0
2024-11-06 02:40:09.170318,63488458.0,68558913.0,132047371.0,276.0
2024-11-06 02:40:28.580160,63502982.0,68575145.0,132078127.0,30756.0
2024-11-06 02:40:54.210248,63503188.0,68576276.0,132079464.0,1337.0
2024-11-06 02:41:28.250713,63558036.0,68614499.0,132172535.0,93071.0
2024-11-06 02:41:49.161781,63561627.0,68622045.0,132183672.0,11137.0
2024-11-06 02:43:00.249349,63574206.0,68632454.0,132206660.0,22988.0
2024-11-06 02:44:05.797164,63578038.0,68636937.0,132214975.0,8315.0
2024-11-06 02:44:25.513838,63578089.0,68637093.0,132215182.0,207.0
2024-11-06 02:45:13.831117,63596004.0,68658157.0,132254161.0,38979.0
2024-11-06 02:45:35.615045,63628864.0,68695876.0,132324740.0,70579.0
2024-11-06 02:45:52.374790,63636781.0,68697996.0,132334777.0,10037.0
2024-11-06 02:46:33.267975,63636889.0,68699239.0,132336128.0,1351.0
2024-11-06 02:47:12.772790,63662536.0,68741801.0,132404337.0,68209.0
2024-11-06 02:48:45.014257,63663688.0,68743491.0,132407179.0,2842.0
2024-11-06 02:49:35.530025,63663725.0,68743529.0,132407254.0,75.0
2024-11-06 02:50:15.866243,63761391.0,68850501.0,132611892.0,204638.0
2024-11-06 02:50:33.568596,63761720.0,68851318.0,132613038.0,1146.0
2024-11-06 02:51:15.566122,63774234.0,68862763.0,132636997.0,23959.0
2024-11-06 02:51:42.781649,63775933.0,68865486.0,132641419.0,4422.0
2024-11-06 02:52:46.975585,63779652.0,68872077.0,132651729.0,10310.0
2024-11-06 02:53:41.028494,63780277.0,68873042.0,132653319.0,1590.0
2024-11-06 02:57:16.534533,63780459.0,68873797.0,132654256.0,937.0
2024-11-06 02:57:35.948875,63781605.0,68874697.0,132656302.0,2046.0
2024-11-06 02:58:03.021053,63788985.0,68876703.0,132665688.0,9386.0
2024-11-06 02:59:12.525170,63789692.0,68877136.0,132666828.0,1140.0
2024-11-06 03:00:40.294249,63946412.0,68938726.0,132885138.0,218310.0
2024-11-06 03:01:06.779855,63958544.0,68953958.0,132912502.0,27364.0
2024-11-06 03:01:40.468714,63983732.0,68973558.0,132957290.0,44788.0
2024-11-06 03:02:24.690105,64003615.0,68996373.0,132999988.0,42698.0
2024-11-06 03:02:48.372123,64005030.0,69001242.0,133006272.0,6284.0
2024-11-06 03:03:09.391885,64005196.0,69002751.0,133007947.0,1675.0
2024-11-06 03:03:51.121814,64008847.0,69004780.0,133013627.0,5680.0
2024-11-06 03:05:00.247477,64039012.0,69007485.0,133046497.0,33169.0
2024-11-06 03:05:19.175540,64046076.0,69019371.0,133065447.0,18950.0
2024-11-06 03:07:17.815431,64051715.0,69036817.0,133088532.0,23085.0
2024-11-06 03:08:07.433385,64052518.0,69037524.0,133090042.0,1510.0
2024-11-06 03:09:17.557355,64057450.0,69045263.0,133102713.0,12671.0
2024-11-06 03:10:04.509203,64059185.0,69048261.0,133107446.0,4733.0
2024-11-06 03:10:22.348177,64060752.0,69050042.0,133110794.0,3348.0
2024-11-06 03:11:16.670785,64067077.0,69056819.0,133123896.0,13102.0
2024-11-06 03:11:35.138211,64067117.0,69057104.0,133124221.0,325.0
2024-11-06 03:12:32.842778,64069023.0,69060158.0,133129181.0,4960.0
2024-11-06 03:14:30.791028,64085144.0,69066702.0,133151846.0,22665.0
2024-11-06 03:16:23.147707,64095342.0,69073637.0,133168979.0,17133.0
2024-11-06 03:17:12.426597,64124177.0,69096417.0,133220594.0,51615.0
2024-11-06 03:17:58.048467,64125303.0,69097116.0,133222419.0,1825.0
2024-11-06 03:18:18.368861,64131657.0,69102769.0,133234426.0,12007.0
2024-11-06 03:18:37.903507,64134030.0,69106074.0,133240104.0,5678.0
2024-11-06 03:19:18.868257,64134407.0,69106747.0,133241154.0,1050.0
2024-11-06 03:20:29.193484,64134504.0,69106825.0,133241329.0,175.0
2024-11-06 03:21:18.776219,64135298.0,69108027.0,133243325.0,1996.0
2024-11-06 03:21:48.503713,64158226.0,69130860.0,133289086.0,45761.0
2024-11-06 03:22:06.379435,64191151.0,69167531.0,133358682.0,69596.0
2024-11-06 03:23:07.281270,64198554.0,69172075.0,133370629.0,11947.0
2024-11-06 03:24:09.101738,64202277.0,69176455.0,133378732.0,8103.0
2024-11-06 03:25:02.781691,64208024.0,69189587.0,133397611.0,18879.0
2024-11-06 03:26:15.786579,64214400.0,69195892.0,133410292.0,12681.0
2024-11-06 03:30:41.660821,64236068.0,69219689.0,133455757.0,45465.0
2024-11-06 03:31:31.701554,64236619.0,69221631.0,133458250.0,2493.0
2024-11-06 03:32:08.187703,64246418.0,69227250.0,133473668.0,15418.0
2024-11-06 03:36:27.978495,64246418.0,69227251.0,133473669.0,1.0
2024-11-06 03:36:55.655649,64248796.0,69231917.0,133480713.0,7044.0
2024-11-06 03:37:20.285471,64279663.0,69259646.0,133539309.0,58596.0
2024-11-06 03:37:48.026359,64280562.0,69260239.0,133540801.0,1492.0
2024-11-06 03:38:39.675765,64281391.0,69260991.0,133542382.0,1581.0
2024-11-06 03:39:54.528630,64281810.0,69261831.0,133543641.0,1259.0
2024-11-06 03:40:29.040283,64287444.0,69264734.0,133552178.0,8537.0
2024-11-06 03:41:21.742852,64295717.0,69276586.0,133572303.0,20125.0
2024-11-06 03:43:12.550564,64295978.0,69277572.0,133573550.0,1247.0
2024-11-06 03:43:33.867180,64299193.0,69281162.0,133580355.0,6805.0
2024-11-06 03:44:26.458258,64300061.0,69282177.0,133582238.0,1883.0
2024-11-06 03:46:13.913819,64311325.0,69284482.0,133595807.0,13569.0
2024-11-06 03:46:32.204630,64311429.0,69284734.0,133596163.0,356.0
2024-11-06 03:47:35.305120,64332901.0,69318966.0,133651867.0,55704.0
2024-11-06 03:49:12.229855,64343268.0,69328402.0,133671670.0,19803.0
2024-11-06 03:49:30.809170,64344858.0,69330342.0,133675200.0,3530.0
2024-11-06 03:50:12.936850,64347096.0,69333228.0,133680324.0,5124.0
2024-11-06 03:51:07.824865,64353214.0,69338216.0,133691430.0,11106.0
2024-11-06 03:51:26.269363,64353223.0,69338267.0,133691490.0,60.0
2024-11-06 03:53:24.145735,64358527.0,69341272.0,133699799.0,8309.0
2024-11-06 03:55:21.268417,64359736.0,69341880.0,133701616.0,1817.0
2024-11-06 03:56:26.586717,64520962.0,69408219.0,133929181.0,227565.0
2024-11-06 03:57:40.507112,64521769.0,69412665.0,133934434.0,5253.0
2024-11-06 03:58:09.825348,64522325.0,69415421.0,133937746.0,3312.0
2024-11-06 03:59:41.319205,64533801.0,69436915.0,133970716.0,32970.0
2024-11-06 04:01:41.080593,64538869.0,69448360.0,133987229.0,16514.0
2024-11-06 04:02:01.668821,64539316.0,69449625.0,133988941.0,1712.0
2024-11-06 04:02:54.258495,64546393.0,69452203.0,133998596.0,9655.0
2024-11-06 04:03:18.730297,64545191.0,69453514.0,133998705.0,109.0
2024-11-06 04:04:15.367673,64639975.0,69547101.0,134187076.0,188371.0
2024-11-06 04:05:15.144542,64643475.0,69550729.0,134194204.0,7128.0
2024-11-06 04:06:21.575572,64643481.0,69550753.0,134194234.0,30.0
2024-11-06 04:07:49.246144,64644587.0,69553354.0,134197941.0,3707.0
2024-11-06 04:08:13.139445,64689167.0,69576256.0,134265423.0,67482.0
2024-11-06 04:09:02.859462,64887877.0,69690219.0,134578096.0,312673.0
2024-11-06 04:11:04.749072,64918685.0,69706620.0,134625305.0,47210.0
2024-11-06 04:11:20.204260,64930346.0,69728563.0,134658909.0,33604.0
2024-11-06 04:11:47.041074,64930346.0,69728663.0,134659009.0,100.0
2024-11-06 04:12:10.391711,64930484.0,69728788.0,134659272.0,263.0
2024-11-06 04:15:28.601566,64935881.0,69735002.0,134670883.0,11611.0
2024-11-06 04:16:07.250831,64935888.0,69735082.0,134670970.0,87.0
2024-11-06 04:17:39.639740,64937371.0,69736644.0,134674015.0,3045.0
2024-11-06 04:20:51.655329,64941338.0,69739011.0,134680349.0,6334.0
2024-11-06 04:21:39.769412,64952352.0,69763485.0,134715837.0,35488.0
2024-11-06 04:23:26.510198,64967172.0,69772271.0,134739443.0,23606.0
2024-11-06 04:24:54.220715,64968877.0,69776346.0,134745223.0,5780.0
2024-11-06 04:27:17.829987,64985091.0,69788562.0,134773653.0,28430.0
2024-11-06 04:28:46.785616,64987960.0,69792776.0,134780736.0,7083.0
2024-11-06 04:29:22.732535,65076837.0,69812037.0,134888874.0,108138.0
2024-11-06 04:30:10.066511,65078397.0,69815917.0,134894314.0,5440.0
2024-11-06 04:30:38.534071,65078453.0,69816060.0,134894513.0,199.0
2024-11-06 04:31:28.255516,65080629.0,69820526.0,134901155.0,6642.0
2024-11-06 04:32:20.995824,65085324.0,69823770.0,134909094.0,7939.0
2024-11-06 04:33:26.720595,65085689.0,69824058.0,134909747.0,653.0
2024-11-06 04:34:25.040898,65149639.0,69871641.0,135021280.0,111533.0
2024-11-06 04:35:10.778332,65162143.0,69877191.0,135039334.0,18054.0
2024-11-06 04:36:00.345899,65171401.0,69885284.0,135056685.0,17351.0
2024-11-06 04:36:18.369476,65172219.0,69885385.0,135057604.0,919.0
2024-11-06 04:37:22.263163,65174251.0,69890652.0,135064903.0,7299.0
2024-11-06 04:38:25.975814,65251967.0,70017866.0,135269833.0,204930.0
2024-11-06 04:38:47.608453,65255970.0,70021165.0,135277135.0,7302.0
2024-11-06 04:39:07.664202,65258167.0,70028412.0,135286579.0,9444.0
2024-11-06 04:40:56.710577,65258282.0,70029138.0,135287420.0,841.0
2024-11-06 04:41:16.515416,65261117.0,70032360.0,135293477.0,6057.0
2024-11-06 04:43:20.727023,65279599.0,70056081.0,135335680.0,42203.0
2024-11-06 04:45:31.839700,65288724.0,70063277.0,135352001.0,16321.0
2024-11-06 04:46:39.220135,65293133.0,70069042.0,135362175.0,10174.0
2024-11-06 04:47:05.408783,65299667.0,70075037.0,135374704.0,12529.0
2024-11-06 04:47:34.679053,65302349.0,70077440.0,135379789.0,5085.0
2024-11-06 04:48:45.283716,65322750.0,70088230.0,135410980.0,31191.0
2024-11-06 04:50:31.589017,65324700.0,70095561.0,135420261.0,9281.0
2024-11-06 04:51:40.098413,65324752.0,70095673.0,135420425.0,164.0
2024-11-06 04:54:20.422901,65343329.0,70111796.0,135455125.0,34700.0
2024-11-06 04:55:41.451092,65347295.0,70113870.0,135461165.0,6040.0
2024-11-06 04:55:57.916628,65350983.0,70124697.0,135475680.0,14515.0
2024-11-06 04:56:42.834727,65351273.0,70125118.0,135476391.0,711.0
2024-11-06 04:57:32.678132,65351427.0,70125666.0,135477093.0,702.0
2024-11-06 04:58:41.953303,65354273.0,70127953.0,135482226.0,5133.0
2024-11-06 05:00:03.761251,65354511.0,70128230.0,135482741.0,515.0
2024-11-06 05:01:13.336960,65354581.0,70128584.0,135483165.0,424.0
2024-11-06 05:03:55.038231,65370365.0,70134815.0,135505180.0,22015.0
2024-11-06 05:06:17.823280,65370819.0,70134889.0,135505708.0,528.0
2024-11-06 05:07:32.995545,65371821.0,70136720.0,135508541.0,2833.0
2024-11-06 05:11:45.195022,65374366.0,70141526.0,135515892.0,7351.0
2024-11-06 05:13:32.106336,65395431.0,70157669.0,135553100.0,37208.0
2024-11-06 05:15:32.286712,65401169.0,70167364.0,135568533.0,15433.0
2024-11-06 05:16:21.012526,65401414.0,70168472.0,135569886.0,1353.0
2024-11-06 05:17:44.474685,65421637.0,70186667.0,135608304.0,38418.0
2024-11-06 05:18:04.948146,65422075.0,70188619.0,135610694.0,2390.0
2024-11-06 05:18:57.770591,65427175.0,70192318.0,135619493.0,8799.0
2024-11-06 05:20:26.601237,65431887.0,70199083.0,135630970.0,11477.0
2024-11-06 05:21:41.217159,65432247.0,70199128.0,135631375.0,405.0
2024-11-06 05:24:28.608576,65470481.0,70240207.0,135710688.0,79313.0
2024-11-06 05:26:32.642388,65470877.0,70241065.0,135711942.0,1254.0
2024-11-06 05:29:21.220696,65473834.0,70245899.0,135719733.0,7791.0
2024-11-06 05:31:30.369294,65474583.0,70248061.0,135722644.0,2911.0
2024-11-06 05:33:13.020464,65475218.0,70248681.0,135723899.0,1255.0
2024-11-06 05:33:55.556210,65477379.0,70249680.0,135727059.0,3160.0
2024-11-06 05:36:30.025729,65477602.0,70250279.0,135727881.0,822.0
2024-11-06 05:41:09.378242,65485795.0,70267761.0,135753556.0,25675.0
2024-11-06 05:45:55.456001,65492753.0,70277911.0,135770664.0,17108.0
2024-11-06 05:49:33.783245,65504658.0,70277911.0,135782569.0,11905.0
2024-11-06 05:50:33.040160,65504658.0,70290840.0,135795498.0,12929.0
2024-11-06 05:51:50.954250,65505264.0,70292484.0,135797748.0,2250.0
2024-11-06 05:52:10.248769,65505561.0,70292777.0,135798338.0,590.0
2024-11-06 05:55:25.467349,65515761.0,70295769.0,135811530.0,13192.0
2024-11-06 05:56:36.246679,65516165.0,70296694.0,135812859.0,1329.0
2024-11-06 05:57:22.326030,65516397.0,70297035.0,135813432.0,573.0
2024-11-06 05:57:45.157832,65526751.0,70312600.0,135839351.0,25919.0
2024-11-06 06:01:21.483357,65528984.0,70318463.0,135847447.0,8096.0
2024-11-06 06:06:01.168742,65528992.0,70318577.0,135847569.0,122.0
2024-11-06 06:11:14.116728,65533215.0,70320448.0,135853663.0,6094.0
2024-11-06 06:15:32.873396,65547909.0,70346723.0,135894632.0,40969.0
2024-11-06 06:16:17.078119,65551736.0,70351700.0,135903436.0,8804.0
2024-11-06 06:18:02.975766,65551940.0,70352392.0,135904332.0,896.0
2024-11-06 06:25:12.378261,65561004.0,70356815.0,135917819.0,13487.0
2024-11-06 06:30:58.955408,65571668.0,70358856.0,135930524.0,12705.0
2024-11-06 06:31:19.191482,65571965.0,70359741.0,135931706.0,1182.0
2024-11-06 06:32:07.039643,65575549.0,70362813.0,135938362.0,6656.0
2024-11-06 07:00:22.387138,65578078.0,70364418.0,135942496.0,4135.0
2024-11-06 07:01:46.347393,65579627.0,70366265.0,135945892.0,3396.0
2024-11-06 07:03:15.551320,65580738.0,70366949.0,135947687.0,1795.0
2024-11-06 07:04:45.434821,65581115.0,70368775.0,135949890.0,2203.0
2024-11-06 07:11:29.350982,65588586.0,70381997.0,135970583.0,20693.0
2024-11-06 07:26:19.090333,65589993.0,70384874.0,135974867.0,4284.0
2024-11-06 07:32:17.577702,65606919.0,70391932.0,135998851.0,23984.0
2024-11-06 07:40:01.575714,65606993.0,70392032.0,135999025.0,174.0
2024-11-06 07:40:59.080535,65614680.0,70407060.0,136021740.0,22715.0
2024-11-06 07:41:37.205122,65638589.0,70423612.0,136062201.0,40461.0
2024-11-06 07:44:21.582744,65638850.0,70424153.0,136063003.0,802.0
2024-11-06 07:45:15.108015,65639123.0,70425324.0,136064447.0,1444.0
2024-11-06 07:46:57.192173,65656223.0,70438492.0,136094715.0,30268.0
2024-11-06 07:47:43.143687,65657230.0,70439959.0,136097189.0,2474.0
2024-11-06 07:58:07.154129,65657885.0,70442439.0,136100324.0,3136.0
2024-11-06 07:59:32.274669,65661332.0,70446925.0,136108257.0,7933.0
2024-11-06 08:00:55.570563,65662414.0,70447309.0,136109723.0,1466.0
2024-11-06 08:03:27.206977,65662992.0,70447373.0,136110365.0,642.0
2024-11-06 08:03:57.224378,65665402.0,70450468.0,136115870.0,5505.0
2024-11-06 08:08:51.469526,65667015.0,70451593.0,136118608.0,2738.0
2024-11-06 08:11:06.527364,65668426.0,70453365.0,136121791.0,3183.0
2024-11-06 08:18:05.722831,65669860.0,70453723.0,136123583.0,1792.0
2024-11-06 08:18:23.006056,65669983.0,70453845.0,136123828.0,245.0
2024-11-06 08:19:50.058811,65670072.0,70453868.0,136123940.0,112.0
2024-11-06 08:21:18.763636,65671091.0,70454568.0,136125659.0,1719.0
2024-11-06 08:22:19.556608,65671809.0,70455442.0,136127251.0,1592.0
2024-11-06 08:26:00.974376,65673544.0,70456539.0,136130083.0,2832.0
2024-11-06 08:27:02.849748,65674077.0,70458393.0,136132470.0,2387.0
2024-11-06 08:28:07.853420,65679231.0,70462369.0,136141600.0,9130.0
2024-11-06 08:29:30.493432,65679530.0,70464591.0,136144121.0,2521.0
2024-11-06 08:38:13.110391,65680083.0,70465478.0,136145561.0,1440.0
2024-11-06 08:39:54.829571,65686373.0,70465478.0,136151851.0,6290.0
2024-11-06 08:40:20.445247,65686641.0,70465787.0,136152428.0,577.0
2024-11-06 08:44:47.047982,65731605.0,70523009.0,136254614.0,102186.0
2024-11-06 08:46:38.160083,65734028.0,70527294.0,136261322.0,6708.0
2024-11-06 09:01:18.770672,65734065.0,70527316.0,136261381.0,59.0
2024-11-06 09:06:18.872444,65734988.0,70528872.0,136263860.0,2479.0
2024-11-06 09:10:13.419701,65759188.0,70548657.0,136307845.0,43985.0
2024-11-06 09:11:27.715647,65759189.0,70548657.0,136307846.0,1.0
2024-11-06 09:14:38.170065,65759267.0,70548817.0,136308084.0,238.0
2024-11-06 09:15:37.241266,65759727.0,70550538.0,136310265.0,2181.0
2024-11-06 09:16:14.549634,65759743.0,70550556.0,136310299.0,34.0
2024-11-06 09:17:21.394826,65760023.0,70550768.0,136310791.0,492.0
2024-11-06 09:21:54.358491,65760152.0,70550792.0,136310944.0,153.0
2024-11-06 09:24:11.512386,65760262.0,70550850.0,136311112.0,168.0
2024-11-06 09:25:31.111527,65769586.0,70570420.0,136340006.0,28894.0
2024-11-06 09:28:17.702083,65771925.0,70571735.0,136343660.0,3654.0
2024-11-06 09:29:23.872451,65782374.0,70580909.0,136363283.0,19623.0
2024-11-06 09:30:26.485621,65783582.0,70584503.0,136368085.0,4802.0
2024-11-06 09:32:24.711130,65790546.0,70587747.0,136378293.0,10208.0
2024-11-06 09:38:27.311163,65792544.0,70589129.0,136381673.0,3380.0
2024-11-06 09:39:33.545368,65793127.0,70591616.0,136384743.0,3070.0
2024-11-06 09:40:04.823937,65793127.0,70591621.0,136384748.0,5.0
2024-11-06 09:42:18.788175,65793129.0,70591628.0,136384757.0,9.0
2024-11-06 09:42:51.155546,65795079.0,70592229.0,136387308.0,2551.0
2024-11-06 09:43:10.899185,65795085.0,70592246.0,136387331.0,23.0
2024-11-06 09:43:30.458034,65795123.0,70592279.0,136387402.0,71.0
2024-11-06 09:45:19.279476,65796654.0,70596074.0,136392728.0,5326.0
2024-11-06 09:47:05.344327,65876589.0,70629380.0,136505969.0,113241.0
2024-11-06 09:47:21.216451,65976702.0,70687358.0,136664060.0,158091.0
2024-11-06 09:51:01.514814,65978902.0,70689174.0,136668076.0,4018.0
2024-11-06 09:51:26.043034,65986041.0,70700590.0,136686631.0,18555.0
2024-11-06 09:52:05.966561,65992777.0,70703305.0,136696082.0,9451.0
2024-11-06 09:54:01.135265,66006750.0,70718144.0,136724894.0,28812.0
2024-11-06 09:55:05.868608,66016278.0,70728283.0,136744561.0,19667.0
2024-11-06 09:56:30.880293,66017683.0,70730515.0,136748198.0,3637.0
2024-11-06 09:59:46.166718,66022172.0,70733429.0,136755601.0,7403.0
2024-11-06 10:00:04.024816,66023994.0,70736569.0,136760563.0,4962.0
2024-11-06 10:02:57.413632,66026605.0,70738030.0,136764635.0,4072.0
2024-11-06 10:03:19.804822,66027862.0,70738588.0,136766450.0,1815.0
2024-11-06 10:06:00.316559,66035791.0,70744693.0,136780484.0,14034.0
2024-11-06 10:07:13.775986,66036044.0,70745734.0,136781778.0,1294.0
2024-11-06 10:12:35.207604,66038609.0,70747741.0,136786350.0,4572.0
2024-11-06 10:13:39.722525,66043123.0,70752008.0,136795131.0,8781.0
2024-11-06 10:15:48.486881,66058269.0,70764255.0,136822524.0,27393.0
2024-11-06 10:16:16.101786,66094444.0,70784374.0,136878818.0,56294.0
2024-11-06 10:17:47.268404,66094625.0,70784882.0,136879507.0,689.0
2024-11-06 10:20:10.581078,66096440.0,70787697.0,136884137.0,4630.0
2024-11-06 10:25:59.191462,66096663.0,70788056.0,136884719.0,587.0
2024-11-06 10:26:21.478355,66098510.0,70790253.0,136888763.0,4044.0
2024-11-06 10:28:39.775668,66108048.0,70796497.0,136904545.0,15782.0
2024-11-06 10:29:18.910128,66116660.0,70803965.0,136920625.0,16080.0
2024-11-06 10:29:55.144910,66127891.0,70814849.0,136942740.0,22115.0
2024-11-06 10:31:36.419862,66129261.0,70816116.0,136945377.0,2637.0
2024-11-06 10:31:59.419557,66133066.0,70819284.0,136952350.0,6973.0
2024-11-06 10:33:24.885837,66134441.0,70821154.0,136955595.0,3251.0
2024-11-06 10:36:27.616598,66135995.0,70823465.0,136959460.0,3865.0
2024-11-06 10:38:16.894858,66136505.0,70824640.0,136961145.0,1685.0
2024-11-06 10:38:35.386627,66136987.0,70824735.0,136961722.0,577.0
2024-11-06 10:42:23.327611,66166142.0,70869214.0,137035356.0,73643.0
2024-11-06 10:42:47.185509,66166254.0,70869314.0,137035568.0,212.0
2024-11-06 10:44:59.665635,66169988.0,70874125.0,137044113.0,8545.0
2024-11-06 10:46:59.608224,66170026.0,70874182.0,137044208.0,95.0
2024-11-06 10:50:03.289953,66170404.0,70874459.0,137044863.0,656.0
2024-11-06 10:51:35.880851,66176582.0,70880364.0,137056946.0,12083.0
2024-11-06 10:52:12.360858,66179816.0,70884022.0,137063838.0,6892.0
2024-11-06 10:53:27.473957,66179817.0,70884022.0,137063839.0,1.0
2024-11-06 10:53:44.791845,66179141.0,70915006.0,137094147.0,30308.0
2024-11-06 10:57:08.236035,66179156.0,70915011.0,137094167.0,26.0
2024-11-06 10:57:28.588397,66179163.0,70915011.0,137094174.0,7.0
2024-11-06 11:01:35.075824,66181467.0,70920713.0,137102180.0,8432.0
2024-11-06 11:06:25.898139,66181614.0,70920882.0,137102496.0,316.0
2024-11-06 11:07:36.661670,66181749.0,70921001.0,137102750.0,254.0
2024-11-06 11:16:01.434136,66181798.0,70921259.0,137103057.0,308.0
2024-11-06 11:16:46.433634,66182756.0,70923977.0,137106733.0,3676.0
2024-11-06 11:18:32.167792,66184414.0,70926196.0,137110610.0,3877.0
2024-11-06 11:19:15.668939,66192736.0,70944725.0,137137461.0,26851.0
2024-11-06 11:23:00.531204,66193077.0,70944416.0,137137493.0,32.0
2024-11-06 11:23:42.742532,66193167.0,70944441.0,137137608.0,115.0
2024-11-06 11:26:21.695483,66195436.0,70947358.0,137142794.0,5186.0
2024-11-06 11:29:53.237862,66196313.0,70948416.0,137144729.0,1935.0
2024-11-06 11:30:15.901331,66196676.0,70948455.0,137145131.0,402.0
2024-11-06 11:31:14.749594,66201150.0,70950586.0,137151736.0,6605.0
2024-11-06 11:32:14.925852,66201159.0,70950586.0,137151745.0,9.0
2024-11-06 11:32:53.255094,66201814.0,70951450.0,137153264.0,1519.0
2024-11-06 11:34:23.433464,66201814.0,70951451.0,137153265.0,1.0
2024-11-06 11:36:14.010132,66201944.0,70951516.0,137153460.0,195.0
2024-11-06 11:37:19.188666,66202148.0,70951975.0,137154123.0,663.0
2024-11-06 11:37:35.381028,66204210.0,70954357.0,137158567.0,4444.0
2024-11-06 11:41:32.500055,66204187.0,70954368.0,137158555.0,9.0
2024-11-06 11:42:11.385032,66208283.0,70956135.0,137164418.0,5863.0
2024-11-06 11:44:26.962674,66219501.0,70957260.0,137176761.0,12433.0
2024-11-06 11:45:03.447328,66220837.0,70963590.0,137184427.0,7666.0
2024-11-06 11:46:01.314991,66220846.0,70963599.0,137184445.0,18.0
2024-11-06 11:49:50.043481,66220735.0,70963485.0,137184220.0,10.0
2024-11-06 11:51:30.924243,66226628.0,70973400.0,137200028.0,15808.0
2024-11-06 11:59:42.202824,66252229.0,70981378.0,137233607.0,33579.0
2024-11-06 12:00:55.256263,66253533.0,70982160.0,137235693.0,2086.0
2024-11-06 12:01:13.680338,66254537.0,70982727.0,137237264.0,1571.0
2024-11-06 12:01:30.602767,66257927.0,70987476.0,137245403.0,8139.0
2024-11-06 12:01:46.901405,66261323.0,70990161.0,137251484.0,6081.0
2024-11-06 12:02:06.086556,66261536.0,70990238.0,137251774.0,290.0
2024-11-06 12:02:33.129969,66263263.0,70991500.0,137254763.0,2989.0
2024-11-06 12:02:51.745681,66263460.0,70991601.0,137255061.0,298.0
2024-11-06 12:03:38.147386,66263508.0,70991616.0,137255124.0,63.0
2024-11-06 12:03:58.160905,66263551.0,70991633.0,137255184.0,60.0
2024-11-06 12:04:43.918859,66263574.0,70991666.0,137255240.0,56.0
2024-11-06 12:06:14.259922,66272640.0,70996123.0,137268763.0,13523.0
2024-11-06 12:08:04.315407,66272735.0,70996239.0,137268974.0,211.0
2024-11-06 12:08:25.034576,66272739.0,70996245.0,137268984.0,10.0
2024-11-06 12:09:31.421725,66272764.0,70996262.0,137269026.0,42.0
2024-11-06 12:10:10.359121,66272765.0,70996262.0,137269027.0,1.0
2024-11-06 12:12:18.410060,66272766.0,70996262.0,137269028.0,1.0
2024-11-06 12:16:37.477258,66271975.0,70997159.0,137269134.0,461.0
2024-11-06 12:20:02.390625,66272633.0,70997579.0,137270212.0,1078.0
2024-11-06 12:21:36.193521,66273824.0,70999293.0,137273117.0,2905.0
2024-11-06 12:23:52.562995,66273843.0,70999312.0,137273155.0,38.0
2024-11-06 12:24:40.913242,66273846.0,70999320.0,137273166.0,11.0
2024-11-06 12:25:08.048897,66274148.0,70999888.0,137274036.0,870.0
2024-11-06 12:27:18.824722,66274370.0,70999958.0,137274328.0,292.0
2024-11-06 12:28:44.574521,66274370.0,70999959.0,137274329.0,1.0
2024-11-06 12:29:51.502040,66282822.0,71009267.0,137292089.0,17760.0
2024-11-06 12:31:16.801568,66282857.0,71009372.0,137292229.0,140.0
2024-11-06 12:32:27.312215,66282862.0,71009374.0,137292236.0,7.0
2024-11-06 12:34:30.299762,66282866.0,71009374.0,137292240.0,4.0
2024-11-06 12:36:16.865993,66283397.0,71010234.0,137293631.0,1391.0
2024-11-06 12:36:42.603917,66283420.0,71010234.0,137293654.0,23.0
2024-11-06 12:36:58.347787,66289878.0,71013683.0,137303561.0,9907.0
2024-11-06 12:37:49.393836,66289919.0,71013815.0,137303734.0,173.0
2024-11-06 12:40:30.276839,66289750.0,71015122.0,137304872.0,1138.0
2024-11-06 12:41:15.843030,66293366.0,71018812.0,137312178.0,7306.0
2024-11-06 12:41:41.773344,66313036.0,71025328.0,137338364.0,26186.0
2024-11-06 12:44:49.187636,66313018.0,71025311.0,137338329.0,3.0
2024-11-06 12:49:00.719252,66225597.0,70864238.0,137089835.0,5191.0
2024-11-06 12:50:11.495537,66231633.0,70875203.0,137106836.0,17001.0
2024-11-06 12:50:52.006239,66237865.0,70885286.0,137123151.0,16315.0
2024-11-06 12:51:17.710079,66239353.0,70888064.0,137127417.0,4266.0
2024-11-06 12:52:06.285267,66246547.0,70898247.0,137144794.0,17377.0
2024-11-06 12:52:23.855822,66252086.0,70908897.0,137160983.0,16189.0
2024-11-06 12:52:47.925087,66258882.0,70920145.0,137179027.0,18044.0
2024-11-06 12:53:16.265437,66259610.0,70921273.0,137180883.0,1856.0
2024-11-06 12:53:40.675852,66264371.0,70931597.0,137195968.0,15085.0
2024-11-06 12:54:31.669227,66267477.0,70935871.0,137203348.0,7380.0
2024-11-06 12:54:58.382180,66275345.0,70947049.0,137222394.0,19046.0
2024-11-06 12:55:18.154744,66275345.0,70947050.0,137222395.0,1.0
2024-11-06 12:55:38.988803,66282194.0,70967004.0,137249198.0,26803.0
2024-11-06 12:56:27.860773,66285683.0,70975228.0,137260911.0,11713.0
2024-11-06 12:57:15.436421,66286327.0,70977051.0,137263378.0,2467.0
2024-11-06 12:57:58.562798,66289000.0,70981527.0,137270527.0,7149.0
2024-11-06 12:58:14.198191,66294426.0,70989373.0,137283799.0,13272.0
2024-11-06 12:58:31.292587,66296126.0,70993972.0,137290098.0,6299.0
2024-11-06 12:58:47.497714,66297439.0,70996451.0,137293890.0,3792.0
2024-11-06 12:59:11.237588,66298853.0,71000167.0,137299020.0,5130.0
2024-11-06 12:59:56.268488,66303593.0,71010538.0,137314131.0,15111.0
2024-11-06 13:00:21.932544,66306626.0,71016107.0,137322733.0,8602.0
2024-11-06 13:00:40.284571,66308258.0,71019302.0,137327560.0,4827.0
2024-11-06 13:01:44.480537,66326237.0,71022531.0,137348768.0,21208.0
2024-11-06 13:02:08.480387,66332460.0,71035499.0,137367959.0,19191.0
2024-11-06 13:02:27.307086,66333796.0,71036340.0,137370136.0,2177.0
2024-11-06 13:03:15.336715,66341553.0,71041176.0,137382729.0,12593.0
2024-11-06 13:04:03.383408,66342588.0,71042787.0,137385375.0,2646.0
2024-11-06 13:04:29.559410,66342856.0,71044277.0,137387133.0,1758.0
2024-11-06 13:04:47.026826,66342988.0,71044529.0,137387517.0,384.0
2024-11-06 13:07:22.093618,66358825.0,71059099.0,137417924.0,30407.0
2024-11-06 13:11:52.544502,66359118.0,71060231.0,137419349.0,1425.0
2024-11-06 13:13:28.450003,66363335.0,71061869.0,137425204.0,5855.0
2024-11-06 13:14:01.412274,66367255.0,71064920.0,137432175.0,6971.0
2024-11-06 13:14:28.702133,66371078.0,71068665.0,137439743.0,7568.0
2024-11-06 13:14:52.265981,66371126.0,71068703.0,137439829.0,86.0
2024-11-06 13:16:02.219172,66371164.0,71068708.0,137439872.0,43.0
2024-11-06 13:22:12.042286,66371609.0,71069307.0,137440916.0,1044.0
2024-11-06 13:24:04.109331,66371851.0,71069573.0,137441424.0,510.0
2024-11-06 13:25:23.672690,66371862.0,71069583.0,137441445.0,21.0
2024-11-06 13:28:06.982798,66372977.0,71072448.0,137445425.0,3980.0
2024-11-06 13:30:04.878017,66373323.0,71072653.0,137445976.0,551.0
2024-11-06 13:31:16.634084,66373474.0,71073528.0,137447002.0,1026.0
2024-11-06 13:31:48.445646,66378973.0,71076121.0,137455094.0,8092.0
2024-11-06 13:33:10.652248,66378974.0,71076121.0,137455095.0,1.0
2024-11-06 13:35:19.517381,66382346.0,71081191.0,137463537.0,8442.0
2024-11-06 13:43:49.580941,66384956.0,71082194.0,137467150.0,3613.0
2024-11-06 13:44:13.067011,66385248.0,71082760.0,137468008.0,858.0
2024-11-06 13:45:40.381124,66385379.0,71082839.0,137468218.0,210.0
2024-11-06 13:46:29.999340,66385412.0,71082880.0,137468292.0,74.0
2024-11-06 13:47:09.181890,66388825.0,71086513.0,137475338.0,7046.0
2024-11-06 13:50:47.879704,66389884.0,71090894.0,137480778.0,5440.0
2024-11-06 13:51:13.573468,66390208.0,71092061.0,137482269.0,1491.0
2024-11-06 13:58:57.527457,66390512.0,71093494.0,137484006.0,1738.0
2024-11-06 13:59:57.602767,66391191.0,71094057.0,137485248.0,1242.0
2024-11-06 14:01:05.791523,66392186.0,71094675.0,137486861.0,1613.0
2024-11-06 14:02:01.025218,66392230.0,71094681.0,137486911.0,50.0
2024-11-06 14:03:32.594308,66392257.0,71094712.0,137486969.0,58.0
2024-11-06 14:12:16.362949,66385573.0,71067528.0,137453101.0,1.0
2024-11-06 14:13:30.922491,66386156.0,71068360.0,137454516.0,1416.0
2024-11-06 14:14:21.468811,66386156.0,71068380.0,137454536.0,20.0
2024-11-06 14:15:04.905998,66387749.0,71069050.0,137456799.0,2263.0
2024-11-06 14:15:24.173176,66387956.0,71069553.0,137457509.0,710.0
2024-11-06 14:17:20.438650,66388352.0,71070001.0,137458353.0,844.0
2024-11-06 14:19:49.849661,66388405.0,71070078.0,137458483.0,130.0
2024-11-06 14:23:08.165121,66388813.0,71070715.0,137459528.0,1052.0
2024-11-06 14:27:24.462070,66386149.0,71068817.0,137454966.0,9.0
2024-11-06 14:29:13.197175,66386150.0,71068829.0,137454979.0,13.0
2024-11-06 14:29:58.964277,66386329.0,71068914.0,137455243.0,264.0
2024-11-06 14:31:08.337500,66386333.0,71068915.0,137455248.0,5.0
2024-11-06 14:31:30.294692,66390336.0,71072051.0,137462387.0,7139.0
2024-11-06 14:32:14.568399,66393330.0,71075199.0,137468529.0,6142.0
2024-11-06 14:33:35.316803,66393602.0,71075199.0,137468801.0,272.0
2024-11-06 14:40:06.716653,66403467.0,71087623.0,137491090.0,22289.0
2024-11-06 14:46:42.125766,66404910.0,71088869.0,137493779.0,2689.0
2024-11-06 14:47:03.882333,66405121.0,71089277.0,137494398.0,619.0
2024-11-06 14:47:28.336979,66405425.0,71089860.0,137495285.0,887.0
2024-11-06 14:47:51.523359,66405498.0,71090075.0,137495573.0,288.0
2024-11-06 14:49:09.351973,66412022.0,71091770.0,137503792.0,8219.0
2024-11-06 14:49:24.804030,66412022.0,71091771.0,137503793.0,1.0
2024-11-06 14:50:04.853363,66412428.0,71092486.0,137504914.0,1121.0
2024-11-06 14:51:10.308892,66419939.0,71098283.0,137518222.0,13308.0
2024-11-06 14:51:36.047715,66421217.0,71099270.0,137520487.0,2265.0
2024-11-06 14:51:58.214312,66435527.0,71105332.0,137540859.0,20372.0
2024-11-06 14:53:52.392251,66436081.0,71107361.0,137543442.0,2583.0
2024-11-06 14:54:08.030192,66436081.0,71107373.0,137543454.0,12.0
2024-11-06 14:56:37.973715,66447139.0,71118155.0,137565294.0,21840.0
2024-11-06 14:56:53.585834,66450999.0,71121993.0,137572992.0,7698.0
2024-11-06 14:57:43.806562,66452959.0,71123759.0,137576718.0,3726.0
2024-11-06 14:59:48.376399,66453729.0,71124395.0,137578124.0,1406.0
2024-11-06 15:02:02.858368,66456421.0,71126375.0,137582796.0,4672.0
2024-11-06 15:05:10.564321,66457512.0,71127006.0,137584518.0,1722.0
2024-11-06 15:07:15.421640,66457528.0,71127024.0,137584552.0,34.0
2024-11-06 15:08:01.280030,66458407.0,71128011.0,137586418.0,1866.0
2024-11-06 15:09:17.328803,66458592.0,71128262.0,137586854.0,436.0
2024-11-06 15:09:49.603207,66459575.0,71128749.0,137588324.0,1470.0
2024-11-06 15:11:16.168882,66465682.0,71132893.0,137598575.0,10314.0
2024-11-06 15:13:16.624373,66465941.0,71133398.0,137599339.0,764.0
2024-11-06 15:13:39.270311,66465952.0,71133399.0,137599351.0,12.0
2024-11-06 15:14:17.935847,66465954.0,71133406.0,137599360.0,9.0
2024-11-06 15:16:03.040259,66465982.0,71133420.0,137599402.0,42.0
2024-11-06 15:16:21.915425,66466185.0,71133616.0,137599801.0,399.0
2024-11-06 15:17:02.207603,66467118.0,71134904.0,137602022.0,2221.0
2024-11-06 15:17:21.493546,66467224.0,71134981.0,137602205.0,183.0
2024-11-06 15:17:59.088218,66467740.0,71136245.0,137603985.0,1780.0
2024-11-06 15:18:21.696676,66468034.0,71136479.0,137604513.0,528.0
2024-11-06 15:20:25.440035,66468949.0,71136939.0,137605888.0,1375.0
2024-11-06 15:21:04.406564,66469830.0,71138831.0,137608661.0,2773.0
2024-11-06 15:21:45.962312,66472475.0,71142949.0,137615424.0,6763.0
2024-11-06 15:24:08.469380,66472630.0,71143008.0,137615638.0,214.0
2024-11-06 15:24:27.893515,66475744.0,71142040.0,137617784.0,2146.0
2024-11-06 15:24:45.197700,66475948.0,71142222.0,137618170.0,386.0
2024-11-06 15:28:31.379843,66476043.0,71142507.0,137618550.0,380.0
2024-11-06 15:30:20.611415,66476043.0,71142508.0,137618551.0,1.0
2024-11-06 15:31:06.559823,66484310.0,71146590.0,137630900.0,12349.0
2024-11-06 15:31:32.161689,66484408.0,71147048.0,137631456.0,556.0
2024-11-06 15:31:54.975445,66484408.0,71147049.0,137631457.0,1.0
2024-11-06 15:35:34.017826,66484439.0,71147079.0,137631518.0,61.0
2024-11-06 15:36:30.838181,66484439.0,71147080.0,137631519.0,1.0
2024-11-06 15:37:24.767758,66484575.0,71147594.0,137632169.0,650.0
2024-11-06 15:43:30.402634,66484579.0,71147602.0,137632181.0,14.0
2024-11-06 15:47:38.964016,66489775.0,71152553.0,137642328.0,10147.0
2024-11-06 15:51:27.377317,66490001.0,71153356.0,137643357.0,1029.0
2024-11-06 15:53:31.207691,66496412.0,71159610.0,137656022.0,12665.0
2024-11-06 15:54:10.253546,66497318.0,71163644.0,137660962.0,4940.0
2024-11-06 15:57:17.625231,66502427.0,71166935.0,137669362.0,8400.0
2024-11-06 15:57:36.019450,66504031.0,71170038.0,137674069.0,4707.0
2024-11-06 15:59:36.796766,66504312.0,71170486.0,137674798.0,729.0
2024-11-06 16:01:24.272757,66504223.0,71170268.0,137674491.0,1.0
2024-11-06 16:02:05.070689,66512409.0,71177056.0,137689465.0,14974.0
2024-11-06 16:03:54.267352,66512411.0,71177064.0,137689475.0,10.0
2024-11-06 16:04:36.753117,66512854.0,71179157.0,137692011.0,2536.0
2024-11-06 16:05:16.548221,66512884.0,71179353.0,137692237.0,226.0
2024-11-06 16:05:55.204782,66517542.0,71183958.0,137701500.0,9263.0
2024-11-06 16:06:50.657657,66518467.0,71184530.0,137702997.0,1497.0
2024-11-06 16:09:18.825118,66519895.0,71186434.0,137706329.0,3332.0
2024-11-06 16:10:07.785691,66519912.0,71186487.0,137706399.0,70.0
2024-11-06 16:11:08.143506,66520704.0,71186955.0,137707659.0,1260.0
2024-11-06 16:18:31.320041,66520706.0,71186966.0,137707672.0,13.0
2024-11-06 16:24:17.218936,66520706.0,71186968.0,137707674.0,2.0
2024-11-06 16:25:19.347208,66522052.0,71188262.0,137710314.0,2640.0
2024-11-06 16:26:39.109194,66522466.0,71188424.0,137710890.0,576.0
2024-11-06 16:26:54.518858,66523199.0,71188944.0,137712143.0,1253.0
2024-11-06 16:27:27.808629,66523223.0,71188972.0,137712195.0,52.0
2024-11-06 16:28:14.018332,66523232.0,71188976.0,137712208.0,13.0
2024-11-06 16:29:11.349527,66530542.0,71199325.0,137729867.0,17659.0
2024-11-06 16:31:29.819575,66530624.0,71199448.0,137730072.0,205.0
2024-11-06 16:32:22.705033,66541059.0,71204244.0,137745303.0,15231.0
2024-11-06 16:33:38.407861,66542309.0,71204969.0,137747278.0,1975.0
2024-11-06 16:37:09.135321,66542452.0,71205363.0,137747815.0,537.0
2024-11-06 16:39:36.809389,66545245.0,71210378.0,137755623.0,7808.0
2024-11-06 16:41:34.548069,66546845.0,71211030.0,137757875.0,2252.0
2024-11-06 16:43:46.568968,66546916.0,71211088.0,137758004.0,129.0
2024-11-06 16:44:04.706871,66547044.0,71211371.0,137758415.0,411.0
2024-11-06 16:45:01.058630,66550920.0,71212234.0,137763154.0,4739.0
2024-11-06 16:45:37.859027,66551135.0,71212674.0,137763809.0,655.0
2024-11-06 16:46:19.929791,66551632.0,71213036.0,137764668.0,859.0
2024-11-06 16:47:20.518565,66551899.0,71213359.0,137765258.0,590.0
2024-11-06 16:49:18.007406,66553977.0,71217851.0,137771828.0,6570.0
2024-11-06 16:53:15.889635,66554006.0,71218069.0,137772075.0,247.0
2024-11-06 16:54:05.805065,66554151.0,71218203.0,137772354.0,279.0
2024-11-06 16:55:02.539803,66556694.0,71221355.0,137778049.0,5695.0
2024-11-06 16:56:29.009928,66569981.0,71223388.0,137793369.0,15320.0
2024-11-06 17:00:07.772180,66575751.0,71227458.0,137803209.0,9840.0
2024-11-06 17:01:29.336828,66576670.0,71229834.0,137806504.0,3295.0
2024-11-06 17:01:53.923947,66584931.0,71236807.0,137821738.0,15234.0
2024-11-06 17:02:56.193684,66585346.0,71237358.0,137822704.0,966.0
2024-11-06 17:08:09.453801,66585586.0,71237372.0,137822958.0,254.0
2024-11-06 17:11:04.350842,66590503.0,71250343.0,137840846.0,17888.0
2024-11-06 17:11:49.301511,66590752.0,71253004.0,137843756.0,2910.0
2024-11-06 17:16:45.637752,66597224.0,71259322.0,137856546.0,12790.0
2024-11-06 17:21:42.703854,66602304.0,71270234.0,137872538.0,15993.0
2024-11-06 17:31:28.617677,66603132.0,71270950.0,137874082.0,1819.0
2024-11-06 17:31:42.046152,66603152.0,71271010.0,137874162.0,80.0
2024-11-06 17:33:13.771090,66603284.0,71271106.0,137874390.0,228.0
2024-11-06 17:34:21.140047,66604471.0,71271464.0,137875935.0,1545.0
2024-11-06 17:37:05.558570,66604533.0,71271586.0,137876119.0,184.0
2024-11-06 17:37:24.775018,66660880.0,71288433.0,137949313.0,73194.0
2024-11-06 17:42:24.605702,66660890.0,71288740.0,137949630.0,531.0
2024-11-06 17:43:07.997938,66661534.0,71289530.0,137951064.0,1434.0
2024-11-06 17:43:57.028787,66661887.0,71290663.0,137952550.0,1486.0
2024-11-06 17:44:59.806960,66661888.0,71290666.0,137952554.0,4.0
2024-11-06 17:47:08.078897,66663560.0,71291985.0,137955545.0,2991.0
2024-11-06 17:47:32.515535,66665658.0,71294788.0,137960446.0,4901.0
2024-11-06 17:53:25.611065,66665996.0,71295973.0,137961969.0,1523.0
2024-11-06 17:55:27.610541,66689067.0,71321174.0,138010241.0,48272.0
2024-11-06 17:59:26.859675,66689075.0,71321189.0,138010264.0,23.0
2024-11-06 18:00:05.466413,66704989.0,71325450.0,138030439.0,20175.0
2024-11-06 18:02:47.684004,66706494.0,71326974.0,138033468.0,3029.0
2024-11-06 18:03:06.949202,66706810.0,71327219.0,138034029.0,561.0
2024-11-06 18:05:19.008593,66706810.0,71327219.0,138034029.0,561.0
2024-11-06 18:12:37.259803,66707461.0,71327753.0,138035214.0,1185.0
2024-11-06 18:17:27.361667,66708749.0,71329505.0,138038254.0,3040.0
2024-11-06 18:18:21.633332,66708927.0,71329794.0,138038721.0,467.0
2024-11-06 18:20:25.685012,66709495.0,71329975.0,138039470.0,749.0
2024-11-06 18:23:20.993038,66709544.0,71329989.0,138039533.0,64.0
2024-11-06 18:23:41.137174,66709544.0,71329990.0,138039534.0,1.0
2024-11-06 18:27:30.575029,66712648.0,71335425.0,138048073.0,8539.0
2024-11-06 18:31:04.436211,66714149.0,71338081.0,138052230.0,4157.0
2024-11-06 18:33:30.038159,66769760.0,71359174.0,138128934.0,76704.0
2024-11-06 18:35:28.766441,66770129.0,71359722.0,138129851.0,917.0
2024-11-06 18:35:52.015629,66770864.0,71360381.0,138131245.0,1394.0
2024-11-06 18:36:11.513659,66770896.0,71360551.0,138131447.0,202.0
2024-11-06 18:37:26.170560,66799052.0,71382061.0,138181113.0,49666.0
2024-11-06 18:40:38.408231,66806102.0,71387625.0,138193727.0,12614.0
2024-11-06 18:43:30.388815,66811893.0,71390528.0,138202421.0,8694.0
2024-11-06 18:44:09.096139,66813393.0,71393381.0,138206774.0,4353.0
2024-11-06 18:47:05.821305,66813584.0,71393669.0,138207253.0,479.0
2024-11-06 18:47:28.123532,66813982.0,71394395.0,138208377.0,1124.0
2024-11-06 18:48:10.925528,66819862.0,71396087.0,138215949.0,7572.0
2024-11-06 18:49:13.731444,66823535.0,71401474.0,138225009.0,9060.0
2024-11-06 18:50:08.408330,66823637.0,71401521.0,138225158.0,149.0
2024-11-06 18:51:33.998509,66823659.0,71401741.0,138225400.0,242.0
2024-11-06 18:52:54.434964,66823911.0,71402109.0,138226020.0,620.0
2024-11-06 18:53:56.922040,66825933.0,71403002.0,138228935.0,2915.0
2024-11-06 18:57:38.208628,66825935.0,71403005.0,138228940.0,5.0
2024-11-06 18:58:51.043999,66825996.0,71403152.0,138229148.0,208.0
2024-11-06 18:59:09.514864,66826275.0,71403351.0,138229626.0,478.0
2024-11-06 19:01:23.985595,66905595.0,71450871.0,138356466.0,126840.0
2024-11-06 19:03:20.341778,66909015.0,71455144.0,138364159.0,7693.0
2024-11-06 19:03:32.967430,66909693.0,71455605.0,138365298.0,1139.0
2024-11-06 19:03:54.623629,66909831.0,71455847.0,138365678.0,380.0
2024-11-06 19:04:16.362019,66910552.0,71458098.0,138368650.0,2972.0
2024-11-06 19:05:30.450050,66936972.0,71476002.0,138412974.0,44324.0
2024-11-06 19:06:22.670928,66937726.0,71477918.0,138415644.0,2670.0
2024-11-06 19:07:21.324966,66958892.0,71489746.0,138448638.0,32994.0
2024-11-06 19:07:46.475185,66958919.0,71490021.0,138448940.0,302.0
2024-11-06 19:09:35.149635,66959087.0,71490205.0,138449292.0,352.0
2024-11-06 19:09:56.100404,66959673.0,71491937.0,138451610.0,2318.0
2024-11-06 19:11:29.219050,66959685.0,71492009.0,138451694.0,84.0
2024-11-06 19:16:04.351038,66963170.0,71495967.0,138459137.0,7443.0
2024-11-06 19:17:01.148187,66963322.0,71496439.0,138459761.0,624.0
2024-11-06 19:21:05.858931,66963821.0,71496832.0,138460653.0,892.0
2024-11-06 19:21:30.421623,66963823.0,71496842.0,138460665.0,12.0
2024-11-06 19:22:12.945765,66964101.0,71497951.0,138462052.0,1387.0
2024-11-06 19:25:08.217277,66972288.0,71504188.0,138476476.0,14424.0
2024-11-06 19:25:29.425680,66972675.0,71504754.0,138477429.0,953.0
2024-11-06 19:26:38.629783,66972679.0,71504760.0,138477439.0,10.0
2024-11-06 19:27:02.895181,66972732.0,71505013.0,138477745.0,306.0
2024-11-06 19:27:17.405001,66972782.0,71505227.0,138478009.0,264.0
2024-11-06 19:28:10.445790,66972978.0,71505322.0,138478300.0,291.0
2024-11-06 19:31:36.691398,66976836.0,71509296.0,138486132.0,7832.0
2024-11-06 19:35:21.540229,66977910.0,71510857.0,138488767.0,2635.0
2024-11-06 19:38:15.105931,66978763.0,71512777.0,138491540.0,2773.0
2024-11-06 19:39:11.317121,67003976.0,71548548.0,138552524.0,60984.0
2024-11-06 19:40:17.205216,67005308.0,71550076.0,138555384.0,2860.0
2024-11-06 19:41:26.212376,67012218.0,71555312.0,138567530.0,12146.0
2024-11-06 19:45:38.663333,67069562.0,71622150.0,138691712.0,124182.0
2024-11-06 19:51:50.552329,67070915.0,71624859.0,138695774.0,4062.0
2024-11-06 19:53:59.647305,67076605.0,71627755.0,138704360.0,8586.0
2024-11-06 19:59:43.087193,67079298.0,71631685.0,138710983.0,6623.0
2024-11-06 20:01:35.269230,67085163.0,71635787.0,138720950.0,9967.0
2024-11-06 20:03:48.543490,67085310.0,71636102.0,138721412.0,462.0
2024-11-06 20:07:31.388238,67100488.0,71640811.0,138741299.0,19887.0
2024-11-06 20:12:52.474766,67100673.0,71641353.0,138742026.0,727.0
2024-11-06 20:20:21.039092,67105995.0,71643983.0,138749978.0,7952.0
2024-11-06 20:23:13.647563,67115720.0,71654829.0,138770549.0,20571.0
2024-11-06 20:33:22.914492,67122970.0,71661086.0,138784056.0,13507.0
2024-11-06 21:56:20.457502,67124270.0,71665057.0,138789327.0,5271.0
2024-11-06 22:02:00.213182,67129985.0,71670571.0,138800556.0,11229.0
2024-11-06 22:03:09.459654,67132503.0,71671421.0,138803924.0,3368.0
2024-11-06 22:03:56.035220,67133629.0,71671851.0,138805480.0,1556.0
2024-11-06 22:05:10.480959,67133673.0,71671873.0,138805546.0,66.0
2024-11-06 22:14:21.531471,67155926.0,71700244.0,138856170.0,50624.0
2024-11-06 22:22:17.848469,67155986.0,71700552.0,138856538.0,368.0
2024-11-06 22:25:23.207071,67156782.0,71701361.0,138858143.0,1605.0
2024-11-06 22:52:28.617636,67156883.0,71701450.0,138858333.0,192.0
2024-11-06 23:19:28.934172,67161957.0,71713600.0,138875557.0,17224.0
2024-11-06 23:22:15.547700,67163260.0,71715550.0,138878810.0,3253.0
2024-11-06 23:24:21.856836,67163260.0,71715550.0,138878810.0,3253.0
2024-11-06 23:36:02.234326,67172133.0,71724127.0,138896260.0,17450.0
2024-11-07 01:48:22.054556,67190213.0,71735970.0,138926183.0,29923.0
2024-11-07 01:48:47.543388,67202039.0,71741809.0,138943848.0,17665.0
2024-11-07 07:45:08.936434,67202447.0,71743100.0,138945547.0,1699.0
2024-11-07 08:03:10.138668,67203912.0,71744224.0,138948136.0,2589.0
2024-11-07 08:10:29.078106,67205195.0,71747171.0,138952366.0,4230.0
2024-11-07 08:19:42.606557,67206339.0,71747815.0,138954154.0,1788.0
2024-11-07 08:44:34.119035,67212402.0,71751491.0,138963893.0,9862.0
2024-11-07 08:51:29.228092,67212405.0,71751501.0,138963906.0,13.0
2024-11-07 08:52:59.277364,67212421.0,71751505.0,138963926.0,20.0
2024-11-07 09:01:19.670920,67212421.0,71751515.0,138963936.0,10.0
2024-11-07 09:14:16.768100,67236191.0,71759379.0,138995570.0,31954.0
2024-11-07 09:15:14.039501,67236732.0,71759548.0,138996280.0,710.0
2024-11-07 09:19:36.573710,67238164.0,71760392.0,138998556.0,2281.0
2024-11-07 09:24:40.237532,67238314.0,71760634.0,138998948.0,392.0
2024-11-07 09:26:16.374219,67239281.0,71761231.0,139000512.0,1564.0
2024-11-07 09:26:35.130468,67239915.0,71761434.0,139001349.0,837.0
2024-11-07 09:27:12.728242,67246211.0,71763782.0,139009993.0,8644.0
